"country","date","confirmed","death","fatality_rate"
"Benin",2020-01-22,0,0,NA
"Benin",2020-01-23,0,0,NA
"Benin",2020-01-24,0,0,NA
"Benin",2020-01-25,0,0,NA
"Benin",2020-01-26,0,0,NA
"Benin",2020-01-27,0,0,NA
"Benin",2020-01-28,0,0,NA
"Benin",2020-01-29,0,0,NA
"Benin",2020-01-30,0,0,NA
"Benin",2020-01-31,0,0,NA
"Benin",2020-02-01,0,0,NA
"Benin",2020-02-02,0,0,NA
"Benin",2020-02-03,0,0,NA
"Benin",2020-02-04,0,0,NA
"Benin",2020-02-05,0,0,NA
"Benin",2020-02-06,0,0,NA
"Benin",2020-02-07,0,0,NA
"Benin",2020-02-08,0,0,NA
"Benin",2020-02-09,0,0,NA
"Benin",2020-02-10,0,0,NA
"Benin",2020-02-11,0,0,NA
"Benin",2020-02-12,0,0,NA
"Benin",2020-02-13,0,0,NA
"Benin",2020-02-14,0,0,NA
"Benin",2020-02-15,0,0,NA
"Benin",2020-02-16,0,0,NA
"Benin",2020-02-17,0,0,NA
"Benin",2020-02-18,0,0,NA
"Benin",2020-02-19,0,0,NA
"Benin",2020-02-20,0,0,NA
"Benin",2020-02-21,0,0,NA
"Benin",2020-02-22,0,0,NA
"Benin",2020-02-23,0,0,NA
"Benin",2020-02-24,0,0,NA
"Benin",2020-02-25,0,0,NA
"Benin",2020-02-26,0,0,NA
"Benin",2020-02-27,0,0,NA
"Benin",2020-02-28,0,0,NA
"Benin",2020-02-29,0,0,NA
"Benin",2020-03-01,0,0,NA
"Benin",2020-03-02,0,0,NA
"Benin",2020-03-03,0,0,NA
"Benin",2020-03-04,0,0,NA
"Benin",2020-03-05,0,0,NA
"Benin",2020-03-06,0,0,NA
"Benin",2020-03-07,0,0,NA
"Benin",2020-03-08,0,0,NA
"Benin",2020-03-09,0,0,NA
"Benin",2020-03-10,0,0,NA
"Benin",2020-03-11,0,0,NA
"Benin",2020-03-12,0,0,NA
"Benin",2020-03-13,0,0,NA
"Benin",2020-03-14,0,0,NA
"Benin",2020-03-15,0,0,NA
"Benin",2020-03-16,1,0,0
"Benin",2020-03-17,0,0,0
"Benin",2020-03-18,1,0,0
"Benin",2020-03-19,0,0,0
"Benin",2020-03-20,0,0,0
"Benin",2020-03-21,0,0,0
"Benin",2020-03-22,0,0,0
"Benin",2020-03-23,3,0,0
"Benin",2020-03-24,1,0,0
"Benin",2020-03-25,0,0,0
"Benin",2020-03-26,0,0,0
"Benin",2020-03-27,0,0,0
"Benin",2020-03-28,0,0,0
"Benin",2020-03-29,0,0,0
"Benin",2020-03-30,0,0,0
"Benin",2020-03-31,3,0,0
"Benin",2020-04-01,4,0,0
"Benin",2020-04-02,0,0,0
"Benin",2020-04-03,3,0,0
"Benin",2020-04-04,0,0,0
"Benin",2020-04-05,6,0,0
"Benin",2020-04-06,4,1,3.85
"Benin",2020-04-07,0,0,3.85
"Benin",2020-04-08,0,0,3.85
"Benin",2020-04-09,0,0,3.85
"Benin",2020-04-10,9,0,2.86
"Benin",2020-04-11,0,0,2.86
"Benin",2020-04-12,0,0,2.86
"Benin",2020-04-13,0,0,2.86
"Benin",2020-04-14,0,0,2.86
"Benin",2020-04-15,0,0,2.86
"Benin",2020-04-16,0,0,2.86
"Benin",2020-04-17,0,0,2.86
"Benin",2020-04-18,0,0,2.86
"Benin",2020-04-19,0,0,2.86
"Benin",2020-04-20,19,0,1.85
"Benin",2020-04-21,0,0,1.85
"Benin",2020-04-22,0,0,1.85
"Benin",2020-04-23,0,0,1.85
"Benin",2020-04-24,0,0,1.85
"Benin",2020-04-25,0,0,1.85
"Benin",2020-04-26,10,0,1.56
"Benin",2020-04-27,0,0,1.56
"Benin",2020-04-28,0,0,1.56
"Benin",2020-04-29,0,0,1.56
"Benin",2020-04-30,0,0,1.56
"Benin",2020-05-01,26,1,2.22
"Benin",2020-05-02,0,0,2.22
"Benin",2020-05-03,0,0,2.22
"Benin",2020-05-04,6,0,2.08
"Benin",2020-05-05,0,0,2.08
"Benin",2020-05-06,0,0,2.08
"Benin",2020-05-07,44,0,1.43
"Benin",2020-05-08,102,0,0.83
"Benin",2020-05-09,42,0,0.7
"Benin",2020-05-10,35,0,0.63
"Benin",2020-05-11,0,0,0.63
"Benin",2020-05-12,8,0,0.61
"Benin",2020-05-13,0,0,0.61
"Benin",2020-05-14,12,0,0.59
"Benin",2020-05-15,0,0,0.59
"Benin",2020-05-16,0,0,0.59
"Benin",2020-05-17,0,0,0.59
"Benin",2020-05-18,0,0,0.59
"Benin",2020-05-19,-209,0,1.54
"Benin",2020-05-20,0,0,1.54
"Benin",2020-05-21,5,1,2.22
"Benin",2020-05-22,0,0,2.22
"Benin",2020-05-23,0,0,2.22
"Benin",2020-05-24,56,0,1.57
"Benin",2020-05-25,0,0,1.57
"Benin",2020-05-26,17,0,1.44
"Benin",2020-05-27,2,0,1.43
"Benin",2020-05-28,0,0,1.43
"Benin",2020-05-29,14,0,1.34
"Benin",2020-05-30,0,0,1.34
"Benin",2020-05-31,8,0,1.29
"Benin",2020-06-01,11,0,1.23
"Benin",2020-06-02,1,0,1.23
"Benin",2020-06-03,0,0,1.23
"Benin",2020-06-04,17,0,1.15
"Benin",2020-06-05,0,0,1.15
"Benin",2020-06-06,0,0,1.15
"Benin",2020-06-07,0,0,1.15
"Benin",2020-06-08,27,1,1.39
"Benin",2020-06-09,17,0,1.31
"Benin",2020-06-10,0,0,1.31
"Benin",2020-06-11,0,0,1.31
"Benin",2020-06-12,83,1,1.29
"Benin",2020-06-13,24,1,1.46
"Benin",2020-06-14,30,0,1.36
"Benin",2020-06-15,41,3,1.86
"Benin",2020-06-16,49,0,1.69
"Benin",2020-06-17,40,0,1.57
"Burkina Faso",2020-01-22,0,0,NA
"Burkina Faso",2020-01-23,0,0,NA
"Burkina Faso",2020-01-24,0,0,NA
"Burkina Faso",2020-01-25,0,0,NA
"Burkina Faso",2020-01-26,0,0,NA
"Burkina Faso",2020-01-27,0,0,NA
"Burkina Faso",2020-01-28,0,0,NA
"Burkina Faso",2020-01-29,0,0,NA
"Burkina Faso",2020-01-30,0,0,NA
"Burkina Faso",2020-01-31,0,0,NA
"Burkina Faso",2020-02-01,0,0,NA
"Burkina Faso",2020-02-02,0,0,NA
"Burkina Faso",2020-02-03,0,0,NA
"Burkina Faso",2020-02-04,0,0,NA
"Burkina Faso",2020-02-05,0,0,NA
"Burkina Faso",2020-02-06,0,0,NA
"Burkina Faso",2020-02-07,0,0,NA
"Burkina Faso",2020-02-08,0,0,NA
"Burkina Faso",2020-02-09,0,0,NA
"Burkina Faso",2020-02-10,0,0,NA
"Burkina Faso",2020-02-11,0,0,NA
"Burkina Faso",2020-02-12,0,0,NA
"Burkina Faso",2020-02-13,0,0,NA
"Burkina Faso",2020-02-14,0,0,NA
"Burkina Faso",2020-02-15,0,0,NA
"Burkina Faso",2020-02-16,0,0,NA
"Burkina Faso",2020-02-17,0,0,NA
"Burkina Faso",2020-02-18,0,0,NA
"Burkina Faso",2020-02-19,0,0,NA
"Burkina Faso",2020-02-20,0,0,NA
"Burkina Faso",2020-02-21,0,0,NA
"Burkina Faso",2020-02-22,0,0,NA
"Burkina Faso",2020-02-23,0,0,NA
"Burkina Faso",2020-02-24,0,0,NA
"Burkina Faso",2020-02-25,0,0,NA
"Burkina Faso",2020-02-26,0,0,NA
"Burkina Faso",2020-02-27,0,0,NA
"Burkina Faso",2020-02-28,0,0,NA
"Burkina Faso",2020-02-29,0,0,NA
"Burkina Faso",2020-03-01,0,0,NA
"Burkina Faso",2020-03-02,0,0,NA
"Burkina Faso",2020-03-03,0,0,NA
"Burkina Faso",2020-03-04,0,0,NA
"Burkina Faso",2020-03-05,0,0,NA
"Burkina Faso",2020-03-06,0,0,NA
"Burkina Faso",2020-03-07,0,0,NA
"Burkina Faso",2020-03-08,0,0,NA
"Burkina Faso",2020-03-09,0,0,NA
"Burkina Faso",2020-03-10,1,0,0
"Burkina Faso",2020-03-11,1,0,0
"Burkina Faso",2020-03-12,0,0,0
"Burkina Faso",2020-03-13,0,0,0
"Burkina Faso",2020-03-14,0,0,0
"Burkina Faso",2020-03-15,1,0,0
"Burkina Faso",2020-03-16,12,0,0
"Burkina Faso",2020-03-17,0,0,0
"Burkina Faso",2020-03-18,5,1,5
"Burkina Faso",2020-03-19,13,0,3.03
"Burkina Faso",2020-03-20,7,0,2.5
"Burkina Faso",2020-03-21,24,1,3.12
"Burkina Faso",2020-03-22,11,2,5.33
"Burkina Faso",2020-03-23,24,0,4.04
"Burkina Faso",2020-03-24,15,0,3.51
"Burkina Faso",2020-03-25,32,0,2.74
"Burkina Faso",2020-03-26,6,3,4.61
"Burkina Faso",2020-03-27,28,2,5
"Burkina Faso",2020-03-28,27,2,5.31
"Burkina Faso",2020-03-29,15,1,5.41
"Burkina Faso",2020-03-30,24,0,4.88
"Burkina Faso",2020-03-31,15,2,5.36
"Burkina Faso",2020-04-01,21,2,5.67
"Burkina Faso",2020-04-02,6,0,5.56
"Burkina Faso",2020-04-03,14,0,5.3
"Burkina Faso",2020-04-04,16,0,5.03
"Burkina Faso",2020-04-05,27,1,4.93
"Burkina Faso",2020-04-06,19,1,4.95
"Burkina Faso",2020-04-07,20,1,4.95
"Burkina Faso",2020-04-08,30,4,5.56
"Burkina Faso",2020-04-09,29,1,5.42
"Burkina Faso",2020-04-10,0,0,5.42
"Burkina Faso",2020-04-11,41,3,5.58
"Burkina Faso",2020-04-12,13,0,5.43
"Burkina Faso",2020-04-13,0,0,5.43
"Burkina Faso",2020-04-14,31,3,5.68
"Burkina Faso",2020-04-15,14,2,5.9
"Burkina Faso",2020-04-16,4,0,5.86
"Burkina Faso",2020-04-17,11,3,6.28
"Burkina Faso",2020-04-18,8,1,6.37
"Burkina Faso",2020-04-19,11,0,6.25
"Burkina Faso",2020-04-20,5,2,6.54
"Burkina Faso",2020-04-21,19,0,6.33
"Burkina Faso",2020-04-22,9,1,6.4
"Burkina Faso",2020-04-23,7,2,6.66
"Burkina Faso",2020-04-24,13,0,6.52
"Burkina Faso",2020-04-25,0,0,6.52
"Burkina Faso",2020-04-26,3,1,6.65
"Burkina Faso",2020-04-27,3,0,6.61
"Burkina Faso",2020-04-28,3,0,6.58
"Burkina Faso",2020-04-29,3,1,6.71
"Burkina Faso",2020-04-30,4,0,6.67
"Burkina Faso",2020-05-01,4,1,6.78
"Burkina Faso",2020-05-02,3,0,6.75
"Burkina Faso",2020-05-03,10,1,6.8
"Burkina Faso",2020-05-04,10,1,6.85
"Burkina Faso",2020-05-05,16,2,6.98
"Burkina Faso",2020-05-06,41,0,6.58
"Burkina Faso",2020-05-07,7,0,6.52
"Burkina Faso",2020-05-08,8,0,6.45
"Burkina Faso",2020-05-09,4,0,6.42
"Burkina Faso",2020-05-10,3,1,6.52
"Burkina Faso",2020-05-11,9,1,6.58
"Burkina Faso",2020-05-12,6,1,6.66
"Burkina Faso",2020-05-13,7,0,6.6
"Burkina Faso",2020-05-14,0,0,6.6
"Burkina Faso",2020-05-15,7,0,6.54
"Burkina Faso",2020-05-16,2,0,6.52
"Burkina Faso",2020-05-17,14,0,6.41
"Burkina Faso",2020-05-18,0,0,6.41
"Burkina Faso",2020-05-19,0,0,6.41
"Burkina Faso",2020-05-20,13,1,6.43
"Burkina Faso",2020-05-21,3,0,6.4
"Burkina Faso",2020-05-22,2,0,6.39
"Burkina Faso",2020-05-23,0,0,6.39
"Burkina Faso",2020-05-24,0,0,6.39
"Burkina Faso",2020-05-25,18,0,6.25
"Burkina Faso",2020-05-26,0,0,6.25
"Burkina Faso",2020-05-27,13,1,6.27
"Burkina Faso",2020-05-28,2,0,6.26
"Burkina Faso",2020-05-29,0,0,6.26
"Burkina Faso",2020-05-30,0,0,6.26
"Burkina Faso",2020-05-31,0,0,6.26
"Burkina Faso",2020-06-01,0,0,6.26
"Burkina Faso",2020-06-02,34,0,6.02
"Burkina Faso",2020-06-03,3,0,6
"Burkina Faso",2020-06-04,1,0,5.99
"Burkina Faso",2020-06-05,3,0,5.97
"Burkina Faso",2020-06-06,0,0,5.97
"Burkina Faso",2020-06-07,1,0,5.96
"Burkina Faso",2020-06-08,1,0,5.96
"Burkina Faso",2020-06-09,1,0,5.95
"Burkina Faso",2020-06-10,0,0,5.95
"Burkina Faso",2020-06-11,1,0,5.94
"Burkina Faso",2020-06-12,0,0,5.94
"Burkina Faso",2020-06-13,0,0,5.94
"Burkina Faso",2020-06-14,2,0,5.93
"Burkina Faso",2020-06-15,0,0,5.93
"Burkina Faso",2020-06-16,1,0,5.92
"Burkina Faso",2020-06-17,4,0,5.9
"Cabo Verde",2020-01-22,0,0,NA
"Cabo Verde",2020-01-23,0,0,NA
"Cabo Verde",2020-01-24,0,0,NA
"Cabo Verde",2020-01-25,0,0,NA
"Cabo Verde",2020-01-26,0,0,NA
"Cabo Verde",2020-01-27,0,0,NA
"Cabo Verde",2020-01-28,0,0,NA
"Cabo Verde",2020-01-29,0,0,NA
"Cabo Verde",2020-01-30,0,0,NA
"Cabo Verde",2020-01-31,0,0,NA
"Cabo Verde",2020-02-01,0,0,NA
"Cabo Verde",2020-02-02,0,0,NA
"Cabo Verde",2020-02-03,0,0,NA
"Cabo Verde",2020-02-04,0,0,NA
"Cabo Verde",2020-02-05,0,0,NA
"Cabo Verde",2020-02-06,0,0,NA
"Cabo Verde",2020-02-07,0,0,NA
"Cabo Verde",2020-02-08,0,0,NA
"Cabo Verde",2020-02-09,0,0,NA
"Cabo Verde",2020-02-10,0,0,NA
"Cabo Verde",2020-02-11,0,0,NA
"Cabo Verde",2020-02-12,0,0,NA
"Cabo Verde",2020-02-13,0,0,NA
"Cabo Verde",2020-02-14,0,0,NA
"Cabo Verde",2020-02-15,0,0,NA
"Cabo Verde",2020-02-16,0,0,NA
"Cabo Verde",2020-02-17,0,0,NA
"Cabo Verde",2020-02-18,0,0,NA
"Cabo Verde",2020-02-19,0,0,NA
"Cabo Verde",2020-02-20,0,0,NA
"Cabo Verde",2020-02-21,0,0,NA
"Cabo Verde",2020-02-22,0,0,NA
"Cabo Verde",2020-02-23,0,0,NA
"Cabo Verde",2020-02-24,0,0,NA
"Cabo Verde",2020-02-25,0,0,NA
"Cabo Verde",2020-02-26,0,0,NA
"Cabo Verde",2020-02-27,0,0,NA
"Cabo Verde",2020-02-28,0,0,NA
"Cabo Verde",2020-02-29,0,0,NA
"Cabo Verde",2020-03-01,0,0,NA
"Cabo Verde",2020-03-02,0,0,NA
"Cabo Verde",2020-03-03,0,0,NA
"Cabo Verde",2020-03-04,0,0,NA
"Cabo Verde",2020-03-05,0,0,NA
"Cabo Verde",2020-03-06,0,0,NA
"Cabo Verde",2020-03-07,0,0,NA
"Cabo Verde",2020-03-08,0,0,NA
"Cabo Verde",2020-03-09,0,0,NA
"Cabo Verde",2020-03-10,0,0,NA
"Cabo Verde",2020-03-11,0,0,NA
"Cabo Verde",2020-03-12,0,0,NA
"Cabo Verde",2020-03-13,0,0,NA
"Cabo Verde",2020-03-14,0,0,NA
"Cabo Verde",2020-03-15,0,0,NA
"Cabo Verde",2020-03-16,0,0,NA
"Cabo Verde",2020-03-17,0,0,NA
"Cabo Verde",2020-03-18,0,0,NA
"Cabo Verde",2020-03-19,0,0,NA
"Cabo Verde",2020-03-20,1,0,0
"Cabo Verde",2020-03-21,2,0,0
"Cabo Verde",2020-03-22,0,0,0
"Cabo Verde",2020-03-23,0,0,0
"Cabo Verde",2020-03-24,0,1,33.33
"Cabo Verde",2020-03-25,1,0,25
"Cabo Verde",2020-03-26,0,0,25
"Cabo Verde",2020-03-27,1,0,20
"Cabo Verde",2020-03-28,0,0,20
"Cabo Verde",2020-03-29,1,0,16.67
"Cabo Verde",2020-03-30,0,0,16.67
"Cabo Verde",2020-03-31,0,0,16.67
"Cabo Verde",2020-04-01,0,0,16.67
"Cabo Verde",2020-04-02,0,0,16.67
"Cabo Verde",2020-04-03,0,0,16.67
"Cabo Verde",2020-04-04,1,0,14.29
"Cabo Verde",2020-04-05,0,0,14.29
"Cabo Verde",2020-04-06,0,0,14.29
"Cabo Verde",2020-04-07,0,0,14.29
"Cabo Verde",2020-04-08,0,0,14.29
"Cabo Verde",2020-04-09,0,0,14.29
"Cabo Verde",2020-04-10,0,0,14.29
"Cabo Verde",2020-04-11,1,0,12.5
"Cabo Verde",2020-04-12,0,0,12.5
"Cabo Verde",2020-04-13,2,0,10
"Cabo Verde",2020-04-14,1,0,9.09
"Cabo Verde",2020-04-15,45,0,1.79
"Cabo Verde",2020-04-16,0,0,1.79
"Cabo Verde",2020-04-17,0,0,1.79
"Cabo Verde",2020-04-18,2,0,1.72
"Cabo Verde",2020-04-19,3,0,1.64
"Cabo Verde",2020-04-20,6,0,1.49
"Cabo Verde",2020-04-21,1,0,1.47
"Cabo Verde",2020-04-22,5,0,1.37
"Cabo Verde",2020-04-23,9,0,1.22
"Cabo Verde",2020-04-24,6,0,1.14
"Cabo Verde",2020-04-25,2,0,1.11
"Cabo Verde",2020-04-26,16,0,0.94
"Cabo Verde",2020-04-27,3,0,0.92
"Cabo Verde",2020-04-28,5,0,0.88
"Cabo Verde",2020-04-29,0,0,0.88
"Cabo Verde",2020-04-30,7,0,0.83
"Cabo Verde",2020-05-01,1,0,0.82
"Cabo Verde",2020-05-02,30,1,1.32
"Cabo Verde",2020-05-03,13,0,1.21
"Cabo Verde",2020-05-04,10,0,1.14
"Cabo Verde",2020-05-05,11,0,1.08
"Cabo Verde",2020-05-06,5,0,1.05
"Cabo Verde",2020-05-07,27,0,0.92
"Cabo Verde",2020-05-08,12,0,0.87
"Cabo Verde",2020-05-09,6,0,0.85
"Cabo Verde",2020-05-10,10,0,0.81
"Cabo Verde",2020-05-11,14,0,0.77
"Cabo Verde",2020-05-12,7,0,0.75
"Cabo Verde",2020-05-13,22,0,0.69
"Cabo Verde",2020-05-14,26,0,0.63
"Cabo Verde",2020-05-15,11,0,0.61
"Cabo Verde",2020-05-16,2,1,0.91
"Cabo Verde",2020-05-17,0,0,0.91
"Cabo Verde",2020-05-18,0,0,0.91
"Cabo Verde",2020-05-19,7,0,0.9
"Cabo Verde",2020-05-20,14,0,0.86
"Cabo Verde",2020-05-21,7,0,0.84
"Cabo Verde",2020-05-22,6,0,0.83
"Cabo Verde",2020-05-23,9,0,0.81
"Cabo Verde",2020-05-24,9,0,0.79
"Cabo Verde",2020-05-25,10,0,0.77
"Cabo Verde",2020-05-26,0,1,1.03
"Cabo Verde",2020-05-27,0,0,1.03
"Cabo Verde",2020-05-28,0,0,1.03
"Cabo Verde",2020-05-29,15,0,0.99
"Cabo Verde",2020-05-30,16,0,0.95
"Cabo Verde",2020-05-31,14,0,0.92
"Cabo Verde",2020-06-01,23,0,0.87
"Cabo Verde",2020-06-02,8,1,1.07
"Cabo Verde",2020-06-03,11,0,1.05
"Cabo Verde",2020-06-04,25,0,1
"Cabo Verde",2020-06-05,34,0,0.93
"Cabo Verde",2020-06-06,6,0,0.92
"Cabo Verde",2020-06-07,12,0,0.9
"Cabo Verde",2020-06-08,13,0,0.88
"Cabo Verde",2020-06-09,18,0,0.85
"Cabo Verde",2020-06-10,30,0,0.81
"Cabo Verde",2020-06-11,42,1,0.91
"Cabo Verde",2020-06-12,40,0,0.86
"Cabo Verde",2020-06-13,29,0,0.83
"Cabo Verde",2020-06-14,24,0,0.8
"Cabo Verde",2020-06-15,10,1,0.92
"Cabo Verde",2020-06-16,21,0,0.9
"Cabo Verde",2020-06-17,11,0,0.88
"Cote d'Ivoire",2020-01-22,0,0,NA
"Cote d'Ivoire",2020-01-23,0,0,NA
"Cote d'Ivoire",2020-01-24,0,0,NA
"Cote d'Ivoire",2020-01-25,0,0,NA
"Cote d'Ivoire",2020-01-26,0,0,NA
"Cote d'Ivoire",2020-01-27,0,0,NA
"Cote d'Ivoire",2020-01-28,0,0,NA
"Cote d'Ivoire",2020-01-29,0,0,NA
"Cote d'Ivoire",2020-01-30,0,0,NA
"Cote d'Ivoire",2020-01-31,0,0,NA
"Cote d'Ivoire",2020-02-01,0,0,NA
"Cote d'Ivoire",2020-02-02,0,0,NA
"Cote d'Ivoire",2020-02-03,0,0,NA
"Cote d'Ivoire",2020-02-04,0,0,NA
"Cote d'Ivoire",2020-02-05,0,0,NA
"Cote d'Ivoire",2020-02-06,0,0,NA
"Cote d'Ivoire",2020-02-07,0,0,NA
"Cote d'Ivoire",2020-02-08,0,0,NA
"Cote d'Ivoire",2020-02-09,0,0,NA
"Cote d'Ivoire",2020-02-10,0,0,NA
"Cote d'Ivoire",2020-02-11,0,0,NA
"Cote d'Ivoire",2020-02-12,0,0,NA
"Cote d'Ivoire",2020-02-13,0,0,NA
"Cote d'Ivoire",2020-02-14,0,0,NA
"Cote d'Ivoire",2020-02-15,0,0,NA
"Cote d'Ivoire",2020-02-16,0,0,NA
"Cote d'Ivoire",2020-02-17,0,0,NA
"Cote d'Ivoire",2020-02-18,0,0,NA
"Cote d'Ivoire",2020-02-19,0,0,NA
"Cote d'Ivoire",2020-02-20,0,0,NA
"Cote d'Ivoire",2020-02-21,0,0,NA
"Cote d'Ivoire",2020-02-22,0,0,NA
"Cote d'Ivoire",2020-02-23,0,0,NA
"Cote d'Ivoire",2020-02-24,0,0,NA
"Cote d'Ivoire",2020-02-25,0,0,NA
"Cote d'Ivoire",2020-02-26,0,0,NA
"Cote d'Ivoire",2020-02-27,0,0,NA
"Cote d'Ivoire",2020-02-28,0,0,NA
"Cote d'Ivoire",2020-02-29,0,0,NA
"Cote d'Ivoire",2020-03-01,0,0,NA
"Cote d'Ivoire",2020-03-02,0,0,NA
"Cote d'Ivoire",2020-03-03,0,0,NA
"Cote d'Ivoire",2020-03-04,0,0,NA
"Cote d'Ivoire",2020-03-05,0,0,NA
"Cote d'Ivoire",2020-03-06,0,0,NA
"Cote d'Ivoire",2020-03-07,0,0,NA
"Cote d'Ivoire",2020-03-08,0,0,NA
"Cote d'Ivoire",2020-03-09,0,0,NA
"Cote d'Ivoire",2020-03-10,0,0,NA
"Cote d'Ivoire",2020-03-11,1,0,0
"Cote d'Ivoire",2020-03-12,0,0,0
"Cote d'Ivoire",2020-03-13,0,0,0
"Cote d'Ivoire",2020-03-14,0,0,0
"Cote d'Ivoire",2020-03-15,0,0,0
"Cote d'Ivoire",2020-03-16,0,0,0
"Cote d'Ivoire",2020-03-17,4,0,0
"Cote d'Ivoire",2020-03-18,1,0,0
"Cote d'Ivoire",2020-03-19,3,0,0
"Cote d'Ivoire",2020-03-20,0,0,0
"Cote d'Ivoire",2020-03-21,5,0,0
"Cote d'Ivoire",2020-03-22,0,0,0
"Cote d'Ivoire",2020-03-23,11,0,0
"Cote d'Ivoire",2020-03-24,48,0,0
"Cote d'Ivoire",2020-03-25,7,0,0
"Cote d'Ivoire",2020-03-26,16,0,0
"Cote d'Ivoire",2020-03-27,5,0,0
"Cote d'Ivoire",2020-03-28,0,0,0
"Cote d'Ivoire",2020-03-29,64,1,0.61
"Cote d'Ivoire",2020-03-30,3,0,0.6
"Cote d'Ivoire",2020-03-31,11,0,0.56
"Cote d'Ivoire",2020-04-01,11,0,0.53
"Cote d'Ivoire",2020-04-02,4,0,0.52
"Cote d'Ivoire",2020-04-03,24,0,0.46
"Cote d'Ivoire",2020-04-04,27,0,0.41
"Cote d'Ivoire",2020-04-05,16,2,1.15
"Cote d'Ivoire",2020-04-06,62,0,0.93
"Cote d'Ivoire",2020-04-07,26,0,0.86
"Cote d'Ivoire",2020-04-08,35,0,0.78
"Cote d'Ivoire",2020-04-09,60,0,0.68
"Cote d'Ivoire",2020-04-10,0,0,0.68
"Cote d'Ivoire",2020-04-11,89,1,0.75
"Cote d'Ivoire",2020-04-12,41,1,0.87
"Cote d'Ivoire",2020-04-13,52,1,0.96
"Cote d'Ivoire",2020-04-14,12,0,0.94
"Cote d'Ivoire",2020-04-15,0,0,0.94
"Cote d'Ivoire",2020-04-16,16,0,0.92
"Cote d'Ivoire",2020-04-17,34,0,0.87
"Cote d'Ivoire",2020-04-18,113,2,1
"Cote d'Ivoire",2020-04-19,46,1,1.06
"Cote d'Ivoire",2020-04-20,0,0,1.06
"Cote d'Ivoire",2020-04-21,69,4,1.42
"Cote d'Ivoire",2020-04-22,36,1,1.47
"Cote d'Ivoire",2020-04-23,52,0,1.39
"Cote d'Ivoire",2020-04-24,73,0,1.3
"Cote d'Ivoire",2020-04-25,0,0,1.3
"Cote d'Ivoire",2020-04-26,73,0,1.22
"Cote d'Ivoire",2020-04-27,14,0,1.2
"Cote d'Ivoire",2020-04-28,19,0,1.18
"Cote d'Ivoire",2020-04-29,55,0,1.13
"Cote d'Ivoire",2020-04-30,37,0,1.1
"Cote d'Ivoire",2020-05-01,58,1,1.13
"Cote d'Ivoire",2020-05-02,29,0,1.1
"Cote d'Ivoire",2020-05-03,36,2,1.22
"Cote d'Ivoire",2020-05-04,34,0,1.19
"Cote d'Ivoire",2020-05-05,32,1,1.23
"Cote d'Ivoire",2020-05-06,52,0,1.19
"Cote d'Ivoire",2020-05-07,55,2,1.27
"Cote d'Ivoire",2020-05-08,31,0,1.25
"Cote d'Ivoire",2020-05-09,65,1,1.26
"Cote d'Ivoire",2020-05-10,33,0,1.24
"Cote d'Ivoire",2020-05-11,30,0,1.21
"Cote d'Ivoire",2020-05-12,127,0,1.13
"Cote d'Ivoire",2020-05-13,55,3,1.26
"Cote d'Ivoire",2020-05-14,59,0,1.22
"Cote d'Ivoire",2020-05-15,46,0,1.19
"Cote d'Ivoire",2020-05-16,44,1,1.21
"Cote d'Ivoire",2020-05-17,48,2,1.28
"Cote d'Ivoire",2020-05-18,10,1,1.32
"Cote d'Ivoire",2020-05-19,34,0,1.3
"Cote d'Ivoire",2020-05-20,78,1,1.3
"Cote d'Ivoire",2020-05-21,70,0,1.26
"Cote d'Ivoire",2020-05-22,40,0,1.24
"Cote d'Ivoire",2020-05-23,25,1,1.27
"Cote d'Ivoire",2020-05-24,10,0,1.26
"Cote d'Ivoire",2020-05-25,47,0,1.24
"Cote d'Ivoire",2020-05-26,54,0,1.21
"Cote d'Ivoire",2020-05-27,79,1,1.21
"Cote d'Ivoire",2020-05-28,85,1,1.21
"Cote d'Ivoire",2020-05-29,109,0,1.16
"Cote d'Ivoire",2020-05-30,49,1,1.18
"Cote d'Ivoire",2020-05-31,34,0,1.16
"Cote d'Ivoire",2020-06-01,118,0,1.12
"Cote d'Ivoire",2020-06-02,73,0,1.09
"Cote d'Ivoire",2020-06-03,86,2,1.13
"Cote d'Ivoire",2020-06-04,152,0,1.07
"Cote d'Ivoire",2020-06-05,169,1,1.05
"Cote d'Ivoire",2020-06-06,126,0,1.01
"Cote d'Ivoire",2020-06-07,182,0,0.96
"Cote d'Ivoire",2020-06-08,142,2,0.98
"Cote d'Ivoire",2020-06-09,114,0,0.95
"Cote d'Ivoire",2020-06-10,186,3,0.98
"Cote d'Ivoire",2020-06-11,223,0,0.93
"Cote d'Ivoire",2020-06-12,280,4,0.96
"Cote d'Ivoire",2020-06-13,164,0,0.93
"Cote d'Ivoire",2020-06-14,236,0,0.89
"Cote d'Ivoire",2020-06-15,355,1,0.85
"Cote d'Ivoire",2020-06-16,240,0,0.81
"Cote d'Ivoire",2020-06-17,384,2,0.79
"Gambia",2020-01-22,0,0,NA
"Gambia",2020-01-23,0,0,NA
"Gambia",2020-01-24,0,0,NA
"Gambia",2020-01-25,0,0,NA
"Gambia",2020-01-26,0,0,NA
"Gambia",2020-01-27,0,0,NA
"Gambia",2020-01-28,0,0,NA
"Gambia",2020-01-29,0,0,NA
"Gambia",2020-01-30,0,0,NA
"Gambia",2020-01-31,0,0,NA
"Gambia",2020-02-01,0,0,NA
"Gambia",2020-02-02,0,0,NA
"Gambia",2020-02-03,0,0,NA
"Gambia",2020-02-04,0,0,NA
"Gambia",2020-02-05,0,0,NA
"Gambia",2020-02-06,0,0,NA
"Gambia",2020-02-07,0,0,NA
"Gambia",2020-02-08,0,0,NA
"Gambia",2020-02-09,0,0,NA
"Gambia",2020-02-10,0,0,NA
"Gambia",2020-02-11,0,0,NA
"Gambia",2020-02-12,0,0,NA
"Gambia",2020-02-13,0,0,NA
"Gambia",2020-02-14,0,0,NA
"Gambia",2020-02-15,0,0,NA
"Gambia",2020-02-16,0,0,NA
"Gambia",2020-02-17,0,0,NA
"Gambia",2020-02-18,0,0,NA
"Gambia",2020-02-19,0,0,NA
"Gambia",2020-02-20,0,0,NA
"Gambia",2020-02-21,0,0,NA
"Gambia",2020-02-22,0,0,NA
"Gambia",2020-02-23,0,0,NA
"Gambia",2020-02-24,0,0,NA
"Gambia",2020-02-25,0,0,NA
"Gambia",2020-02-26,0,0,NA
"Gambia",2020-02-27,0,0,NA
"Gambia",2020-02-28,0,0,NA
"Gambia",2020-02-29,0,0,NA
"Gambia",2020-03-01,0,0,NA
"Gambia",2020-03-02,0,0,NA
"Gambia",2020-03-03,0,0,NA
"Gambia",2020-03-04,0,0,NA
"Gambia",2020-03-05,0,0,NA
"Gambia",2020-03-06,0,0,NA
"Gambia",2020-03-07,0,0,NA
"Gambia",2020-03-08,0,0,NA
"Gambia",2020-03-09,0,0,NA
"Gambia",2020-03-10,0,0,NA
"Gambia",2020-03-11,0,0,NA
"Gambia",2020-03-12,0,0,NA
"Gambia",2020-03-13,0,0,NA
"Gambia",2020-03-14,0,0,NA
"Gambia",2020-03-15,0,0,NA
"Gambia",2020-03-16,0,0,NA
"Gambia",2020-03-17,1,0,0
"Gambia",2020-03-18,0,0,0
"Gambia",2020-03-19,0,0,0
"Gambia",2020-03-20,0,0,0
"Gambia",2020-03-21,0,0,0
"Gambia",2020-03-22,0,0,0
"Gambia",2020-03-23,1,1,50
"Gambia",2020-03-24,1,0,33.33
"Gambia",2020-03-25,0,0,33.33
"Gambia",2020-03-26,0,0,33.33
"Gambia",2020-03-27,0,0,33.33
"Gambia",2020-03-28,0,0,33.33
"Gambia",2020-03-29,1,0,25
"Gambia",2020-03-30,0,0,25
"Gambia",2020-03-31,0,0,25
"Gambia",2020-04-01,0,0,25
"Gambia",2020-04-02,0,0,25
"Gambia",2020-04-03,0,0,25
"Gambia",2020-04-04,0,0,25
"Gambia",2020-04-05,0,0,25
"Gambia",2020-04-06,0,0,25
"Gambia",2020-04-07,0,0,25
"Gambia",2020-04-08,0,0,25
"Gambia",2020-04-09,0,0,25
"Gambia",2020-04-10,0,0,25
"Gambia",2020-04-11,5,0,11.11
"Gambia",2020-04-12,0,0,11.11
"Gambia",2020-04-13,0,0,11.11
"Gambia",2020-04-14,0,0,11.11
"Gambia",2020-04-15,0,0,11.11
"Gambia",2020-04-16,0,0,11.11
"Gambia",2020-04-17,0,0,11.11
"Gambia",2020-04-18,0,0,11.11
"Gambia",2020-04-19,1,0,10
"Gambia",2020-04-20,0,0,10
"Gambia",2020-04-21,0,0,10
"Gambia",2020-04-22,0,0,10
"Gambia",2020-04-23,0,0,10
"Gambia",2020-04-24,0,0,10
"Gambia",2020-04-25,0,0,10
"Gambia",2020-04-26,0,0,10
"Gambia",2020-04-27,0,0,10
"Gambia",2020-04-28,0,0,10
"Gambia",2020-04-29,0,0,10
"Gambia",2020-04-30,1,0,9.09
"Gambia",2020-05-01,1,0,8.33
"Gambia",2020-05-02,5,0,5.88
"Gambia",2020-05-03,0,0,5.88
"Gambia",2020-05-04,0,0,5.88
"Gambia",2020-05-05,0,0,5.88
"Gambia",2020-05-06,0,0,5.88
"Gambia",2020-05-07,1,0,5.56
"Gambia",2020-05-08,2,0,5
"Gambia",2020-05-09,0,0,5
"Gambia",2020-05-10,0,0,5
"Gambia",2020-05-11,2,0,4.55
"Gambia",2020-05-12,0,0,4.55
"Gambia",2020-05-13,1,0,4.35
"Gambia",2020-05-14,0,0,4.35
"Gambia",2020-05-15,0,0,4.35
"Gambia",2020-05-16,0,0,4.35
"Gambia",2020-05-17,0,0,4.35
"Gambia",2020-05-18,1,0,4.17
"Gambia",2020-05-19,0,0,4.17
"Gambia",2020-05-20,0,0,4.17
"Gambia",2020-05-21,0,0,4.17
"Gambia",2020-05-22,1,0,4
"Gambia",2020-05-23,0,0,4
"Gambia",2020-05-24,0,0,4
"Gambia",2020-05-25,0,0,4
"Gambia",2020-05-26,0,0,4
"Gambia",2020-05-27,0,0,4
"Gambia",2020-05-28,0,0,4
"Gambia",2020-05-29,0,0,4
"Gambia",2020-05-30,0,0,4
"Gambia",2020-05-31,0,0,4
"Gambia",2020-06-01,0,0,4
"Gambia",2020-06-02,0,0,4
"Gambia",2020-06-03,1,0,3.85
"Gambia",2020-06-04,0,0,3.85
"Gambia",2020-06-05,0,0,3.85
"Gambia",2020-06-06,0,0,3.85
"Gambia",2020-06-07,0,0,3.85
"Gambia",2020-06-08,2,0,3.57
"Gambia",2020-06-09,0,0,3.57
"Gambia",2020-06-10,0,0,3.57
"Gambia",2020-06-11,0,0,3.57
"Gambia",2020-06-12,0,0,3.57
"Gambia",2020-06-13,0,0,3.57
"Gambia",2020-06-14,0,0,3.57
"Gambia",2020-06-15,2,0,3.33
"Gambia",2020-06-16,4,0,2.94
"Gambia",2020-06-17,0,0,2.94
"Ghana",2020-01-22,0,0,NA
"Ghana",2020-01-23,0,0,NA
"Ghana",2020-01-24,0,0,NA
"Ghana",2020-01-25,0,0,NA
"Ghana",2020-01-26,0,0,NA
"Ghana",2020-01-27,0,0,NA
"Ghana",2020-01-28,0,0,NA
"Ghana",2020-01-29,0,0,NA
"Ghana",2020-01-30,0,0,NA
"Ghana",2020-01-31,0,0,NA
"Ghana",2020-02-01,0,0,NA
"Ghana",2020-02-02,0,0,NA
"Ghana",2020-02-03,0,0,NA
"Ghana",2020-02-04,0,0,NA
"Ghana",2020-02-05,0,0,NA
"Ghana",2020-02-06,0,0,NA
"Ghana",2020-02-07,0,0,NA
"Ghana",2020-02-08,0,0,NA
"Ghana",2020-02-09,0,0,NA
"Ghana",2020-02-10,0,0,NA
"Ghana",2020-02-11,0,0,NA
"Ghana",2020-02-12,0,0,NA
"Ghana",2020-02-13,0,0,NA
"Ghana",2020-02-14,0,0,NA
"Ghana",2020-02-15,0,0,NA
"Ghana",2020-02-16,0,0,NA
"Ghana",2020-02-17,0,0,NA
"Ghana",2020-02-18,0,0,NA
"Ghana",2020-02-19,0,0,NA
"Ghana",2020-02-20,0,0,NA
"Ghana",2020-02-21,0,0,NA
"Ghana",2020-02-22,0,0,NA
"Ghana",2020-02-23,0,0,NA
"Ghana",2020-02-24,0,0,NA
"Ghana",2020-02-25,0,0,NA
"Ghana",2020-02-26,0,0,NA
"Ghana",2020-02-27,0,0,NA
"Ghana",2020-02-28,0,0,NA
"Ghana",2020-02-29,0,0,NA
"Ghana",2020-03-01,0,0,NA
"Ghana",2020-03-02,0,0,NA
"Ghana",2020-03-03,0,0,NA
"Ghana",2020-03-04,0,0,NA
"Ghana",2020-03-05,0,0,NA
"Ghana",2020-03-06,0,0,NA
"Ghana",2020-03-07,0,0,NA
"Ghana",2020-03-08,0,0,NA
"Ghana",2020-03-09,0,0,NA
"Ghana",2020-03-10,0,0,NA
"Ghana",2020-03-11,0,0,NA
"Ghana",2020-03-12,0,0,NA
"Ghana",2020-03-13,0,0,NA
"Ghana",2020-03-14,3,0,0
"Ghana",2020-03-15,3,0,0
"Ghana",2020-03-16,0,0,0
"Ghana",2020-03-17,1,0,0
"Ghana",2020-03-18,0,0,0
"Ghana",2020-03-19,4,0,0
"Ghana",2020-03-20,5,0,0
"Ghana",2020-03-21,3,1,5.26
"Ghana",2020-03-22,4,0,4.35
"Ghana",2020-03-23,4,1,7.41
"Ghana",2020-03-24,26,0,3.77
"Ghana",2020-03-25,40,2,4.3
"Ghana",2020-03-26,39,0,3.03
"Ghana",2020-03-27,5,0,2.92
"Ghana",2020-03-28,4,1,3.55
"Ghana",2020-03-29,11,0,3.29
"Ghana",2020-03-30,0,0,3.29
"Ghana",2020-03-31,9,0,3.11
"Ghana",2020-04-01,34,0,2.56
"Ghana",2020-04-02,9,0,2.45
"Ghana",2020-04-03,1,0,2.44
"Ghana",2020-04-04,0,0,2.44
"Ghana",2020-04-05,9,0,2.34
"Ghana",2020-04-06,0,0,2.34
"Ghana",2020-04-07,73,0,1.74
"Ghana",2020-04-08,26,1,1.92
"Ghana",2020-04-09,65,0,1.59
"Ghana",2020-04-10,0,0,1.59
"Ghana",2020-04-11,30,2,1.96
"Ghana",2020-04-12,158,0,1.41
"Ghana",2020-04-13,0,0,1.41
"Ghana",2020-04-14,70,0,1.26
"Ghana",2020-04-15,0,0,1.26
"Ghana",2020-04-16,5,0,1.25
"Ghana",2020-04-17,0,0,1.25
"Ghana",2020-04-18,193,1,1.08
"Ghana",2020-04-19,208,0,0.86
"Ghana",2020-04-20,0,0,0.86
"Ghana",2020-04-21,0,0,0.86
"Ghana",2020-04-22,112,0,0.78
"Ghana",2020-04-23,0,0,0.78
"Ghana",2020-04-24,125,1,0.78
"Ghana",2020-04-25,0,0,0.78
"Ghana",2020-04-26,271,1,0.71
"Ghana",2020-04-27,0,0,0.71
"Ghana",2020-04-28,121,5,0.96
"Ghana",2020-04-29,0,0,0.96
"Ghana",2020-04-30,403,1,0.82
"Ghana",2020-05-01,0,0,0.82
"Ghana",2020-05-02,95,1,0.83
"Ghana",2020-05-03,0,0,0.83
"Ghana",2020-05-04,550,0,0.66
"Ghana",2020-05-05,0,0,0.66
"Ghana",2020-05-06,372,0,0.58
"Ghana",2020-05-07,0,0,0.58
"Ghana",2020-05-08,921,0,0.45
"Ghana",2020-05-09,251,4,0.52
"Ghana",2020-05-10,0,0,0.52
"Ghana",2020-05-11,437,0,0.47
"Ghana",2020-05-12,427,0,0.43
"Ghana",2020-05-13,281,2,0.44
"Ghana",2020-05-14,122,0,0.43
"Ghana",2020-05-15,108,4,0.5
"Ghana",2020-05-16,97,1,0.51
"Ghana",2020-05-17,0,0,0.51
"Ghana",2020-05-18,0,0,0.51
"Ghana",2020-05-19,361,2,0.51
"Ghana",2020-05-20,173,0,0.49
"Ghana",2020-05-21,0,0,0.49
"Ghana",2020-05-22,217,0,0.48
"Ghana",2020-05-23,131,0,0.47
"Ghana",2020-05-24,66,1,0.48
"Ghana",2020-05-25,125,0,0.47
"Ghana",2020-05-26,309,2,0.48
"Ghana",2020-05-27,186,0,0.47
"Ghana",2020-05-28,0,0,0.47
"Ghana",2020-05-29,313,0,0.45
"Ghana",2020-05-30,152,1,0.45
"Ghana",2020-05-31,302,1,0.45
"Ghana",2020-06-01,0,0,0.45
"Ghana",2020-06-02,227,2,0.46
"Ghana",2020-06-03,251,0,0.44
"Ghana",2020-06-04,337,0,0.43
"Ghana",2020-06-05,283,4,0.46
"Ghana",2020-06-06,294,2,0.47
"Ghana",2020-06-07,176,0,0.46
"Ghana",2020-06-08,272,4,0.48
"Ghana",2020-06-09,291,0,0.47
"Ghana",2020-06-10,0,0,0.47
"Ghana",2020-06-11,157,0,0.46
"Ghana",2020-06-12,498,0,0.44
"Ghana",2020-06-13,262,0,0.43
"Ghana",2020-06-14,846,6,0.45
"Ghana",2020-06-15,0,0,0.45
"Ghana",2020-06-16,229,4,0.48
"Ghana",2020-06-17,397,8,0.52
"Guinea",2020-01-22,0,0,NA
"Guinea",2020-01-23,0,0,NA
"Guinea",2020-01-24,0,0,NA
"Guinea",2020-01-25,0,0,NA
"Guinea",2020-01-26,0,0,NA
"Guinea",2020-01-27,0,0,NA
"Guinea",2020-01-28,0,0,NA
"Guinea",2020-01-29,0,0,NA
"Guinea",2020-01-30,0,0,NA
"Guinea",2020-01-31,0,0,NA
"Guinea",2020-02-01,0,0,NA
"Guinea",2020-02-02,0,0,NA
"Guinea",2020-02-03,0,0,NA
"Guinea",2020-02-04,0,0,NA
"Guinea",2020-02-05,0,0,NA
"Guinea",2020-02-06,0,0,NA
"Guinea",2020-02-07,0,0,NA
"Guinea",2020-02-08,0,0,NA
"Guinea",2020-02-09,0,0,NA
"Guinea",2020-02-10,0,0,NA
"Guinea",2020-02-11,0,0,NA
"Guinea",2020-02-12,0,0,NA
"Guinea",2020-02-13,0,0,NA
"Guinea",2020-02-14,0,0,NA
"Guinea",2020-02-15,0,0,NA
"Guinea",2020-02-16,0,0,NA
"Guinea",2020-02-17,0,0,NA
"Guinea",2020-02-18,0,0,NA
"Guinea",2020-02-19,0,0,NA
"Guinea",2020-02-20,0,0,NA
"Guinea",2020-02-21,0,0,NA
"Guinea",2020-02-22,0,0,NA
"Guinea",2020-02-23,0,0,NA
"Guinea",2020-02-24,0,0,NA
"Guinea",2020-02-25,0,0,NA
"Guinea",2020-02-26,0,0,NA
"Guinea",2020-02-27,0,0,NA
"Guinea",2020-02-28,0,0,NA
"Guinea",2020-02-29,0,0,NA
"Guinea",2020-03-01,0,0,NA
"Guinea",2020-03-02,0,0,NA
"Guinea",2020-03-03,0,0,NA
"Guinea",2020-03-04,0,0,NA
"Guinea",2020-03-05,0,0,NA
"Guinea",2020-03-06,0,0,NA
"Guinea",2020-03-07,0,0,NA
"Guinea",2020-03-08,0,0,NA
"Guinea",2020-03-09,0,0,NA
"Guinea",2020-03-10,0,0,NA
"Guinea",2020-03-11,0,0,NA
"Guinea",2020-03-12,0,0,NA
"Guinea",2020-03-13,1,0,0
"Guinea",2020-03-14,0,0,0
"Guinea",2020-03-15,0,0,0
"Guinea",2020-03-16,0,0,0
"Guinea",2020-03-17,0,0,0
"Guinea",2020-03-18,0,0,0
"Guinea",2020-03-19,0,0,0
"Guinea",2020-03-20,0,0,0
"Guinea",2020-03-21,1,0,0
"Guinea",2020-03-22,0,0,0
"Guinea",2020-03-23,2,0,0
"Guinea",2020-03-24,0,0,0
"Guinea",2020-03-25,0,0,0
"Guinea",2020-03-26,0,0,0
"Guinea",2020-03-27,4,0,0
"Guinea",2020-03-28,0,0,0
"Guinea",2020-03-29,8,0,0
"Guinea",2020-03-30,6,0,0
"Guinea",2020-03-31,0,0,0
"Guinea",2020-04-01,8,0,0
"Guinea",2020-04-02,22,0,0
"Guinea",2020-04-03,21,0,0
"Guinea",2020-04-04,38,0,0
"Guinea",2020-04-05,10,0,0
"Guinea",2020-04-06,7,0,0
"Guinea",2020-04-07,16,0,0
"Guinea",2020-04-08,20,0,0
"Guinea",2020-04-09,30,0,0
"Guinea",2020-04-10,18,0,0
"Guinea",2020-04-11,38,0,0
"Guinea",2020-04-12,0,0,0
"Guinea",2020-04-13,69,0,0
"Guinea",2020-04-14,44,0,0
"Guinea",2020-04-15,41,1,0.25
"Guinea",2020-04-16,34,0,0.23
"Guinea",2020-04-17,39,2,0.63
"Guinea",2020-04-18,41,0,0.58
"Guinea",2020-04-19,61,2,0.86
"Guinea",2020-04-20,43,0,0.8
"Guinea",2020-04-21,66,1,0.87
"Guinea",2020-04-22,73,0,0.79
"Guinea",2020-04-23,101,0,0.7
"Guinea",2020-04-24,92,0,0.63
"Guinea",2020-04-25,42,1,0.7
"Guinea",2020-04-26,0,0,0.7
"Guinea",2020-04-27,167,0,0.6
"Guinea",2020-04-28,77,0,0.56
"Guinea",2020-04-29,111,0,0.52
"Guinea",2020-04-30,144,0,0.47
"Guinea",2020-05-01,42,0,0.46
"Guinea",2020-05-02,49,0,0.44
"Guinea",2020-05-03,0,0,0.44
"Guinea",2020-05-04,124,2,0.53
"Guinea",2020-05-05,101,1,0.55
"Guinea",2020-05-06,45,1,0.59
"Guinea",2020-05-07,71,0,0.57
"Guinea",2020-05-08,82,0,0.55
"Guinea",2020-05-09,33,0,0.54
"Guinea",2020-05-10,104,0,0.51
"Guinea",2020-05-11,0,0,0.51
"Guinea",2020-05-12,152,0,0.48
"Guinea",2020-05-13,76,3,0.59
"Guinea",2020-05-14,99,1,0.61
"Guinea",2020-05-15,0,0,0.61
"Guinea",2020-05-16,185,1,0.6
"Guinea",2020-05-17,0,0,0.6
"Guinea",2020-05-18,138,0,0.57
"Guinea",2020-05-19,67,2,0.63
"Guinea",2020-05-20,0,0,0.63
"Guinea",2020-05-21,204,0,0.59
"Guinea",2020-05-22,0,1,0.62
"Guinea",2020-05-23,109,1,0.63
"Guinea",2020-05-24,99,0,0.61
"Guinea",2020-05-25,0,0,0.61
"Guinea",2020-05-26,0,0,0.61
"Guinea",2020-05-27,0,0,0.61
"Guinea",2020-05-28,278,2,0.62
"Guinea",2020-05-29,103,0,0.6
"Guinea",2020-05-30,50,1,0.62
"Guinea",2020-05-31,0,0,0.62
"Guinea",2020-06-01,138,0,0.6
"Guinea",2020-06-02,42,0,0.59
"Guinea",2020-06-03,47,0,0.58
"Guinea",2020-06-04,58,0,0.58
"Guinea",2020-06-05,69,0,0.57
"Guinea",2020-06-06,57,0,0.56
"Guinea",2020-06-07,0,0,0.56
"Guinea",2020-06-08,99,0,0.55
"Guinea",2020-06-09,42,0,0.54
"Guinea",2020-06-10,0,0,0.54
"Guinea",2020-06-11,114,0,0.53
"Guinea",2020-06-12,54,1,0.54
"Guinea",2020-06-13,58,1,0.56
"Guinea",2020-06-14,48,0,0.55
"Guinea",2020-06-15,40,1,0.57
"Guinea",2020-06-16,67,0,0.56
"Guinea",2020-06-17,29,0,0.56
"Guinea-Bissau",2020-01-22,0,0,NA
"Guinea-Bissau",2020-01-23,0,0,NA
"Guinea-Bissau",2020-01-24,0,0,NA
"Guinea-Bissau",2020-01-25,0,0,NA
"Guinea-Bissau",2020-01-26,0,0,NA
"Guinea-Bissau",2020-01-27,0,0,NA
"Guinea-Bissau",2020-01-28,0,0,NA
"Guinea-Bissau",2020-01-29,0,0,NA
"Guinea-Bissau",2020-01-30,0,0,NA
"Guinea-Bissau",2020-01-31,0,0,NA
"Guinea-Bissau",2020-02-01,0,0,NA
"Guinea-Bissau",2020-02-02,0,0,NA
"Guinea-Bissau",2020-02-03,0,0,NA
"Guinea-Bissau",2020-02-04,0,0,NA
"Guinea-Bissau",2020-02-05,0,0,NA
"Guinea-Bissau",2020-02-06,0,0,NA
"Guinea-Bissau",2020-02-07,0,0,NA
"Guinea-Bissau",2020-02-08,0,0,NA
"Guinea-Bissau",2020-02-09,0,0,NA
"Guinea-Bissau",2020-02-10,0,0,NA
"Guinea-Bissau",2020-02-11,0,0,NA
"Guinea-Bissau",2020-02-12,0,0,NA
"Guinea-Bissau",2020-02-13,0,0,NA
"Guinea-Bissau",2020-02-14,0,0,NA
"Guinea-Bissau",2020-02-15,0,0,NA
"Guinea-Bissau",2020-02-16,0,0,NA
"Guinea-Bissau",2020-02-17,0,0,NA
"Guinea-Bissau",2020-02-18,0,0,NA
"Guinea-Bissau",2020-02-19,0,0,NA
"Guinea-Bissau",2020-02-20,0,0,NA
"Guinea-Bissau",2020-02-21,0,0,NA
"Guinea-Bissau",2020-02-22,0,0,NA
"Guinea-Bissau",2020-02-23,0,0,NA
"Guinea-Bissau",2020-02-24,0,0,NA
"Guinea-Bissau",2020-02-25,0,0,NA
"Guinea-Bissau",2020-02-26,0,0,NA
"Guinea-Bissau",2020-02-27,0,0,NA
"Guinea-Bissau",2020-02-28,0,0,NA
"Guinea-Bissau",2020-02-29,0,0,NA
"Guinea-Bissau",2020-03-01,0,0,NA
"Guinea-Bissau",2020-03-02,0,0,NA
"Guinea-Bissau",2020-03-03,0,0,NA
"Guinea-Bissau",2020-03-04,0,0,NA
"Guinea-Bissau",2020-03-05,0,0,NA
"Guinea-Bissau",2020-03-06,0,0,NA
"Guinea-Bissau",2020-03-07,0,0,NA
"Guinea-Bissau",2020-03-08,0,0,NA
"Guinea-Bissau",2020-03-09,0,0,NA
"Guinea-Bissau",2020-03-10,0,0,NA
"Guinea-Bissau",2020-03-11,0,0,NA
"Guinea-Bissau",2020-03-12,0,0,NA
"Guinea-Bissau",2020-03-13,0,0,NA
"Guinea-Bissau",2020-03-14,0,0,NA
"Guinea-Bissau",2020-03-15,0,0,NA
"Guinea-Bissau",2020-03-16,0,0,NA
"Guinea-Bissau",2020-03-17,0,0,NA
"Guinea-Bissau",2020-03-18,0,0,NA
"Guinea-Bissau",2020-03-19,0,0,NA
"Guinea-Bissau",2020-03-20,0,0,NA
"Guinea-Bissau",2020-03-21,0,0,NA
"Guinea-Bissau",2020-03-22,0,0,NA
"Guinea-Bissau",2020-03-23,0,0,NA
"Guinea-Bissau",2020-03-24,0,0,NA
"Guinea-Bissau",2020-03-25,2,0,0
"Guinea-Bissau",2020-03-26,0,0,0
"Guinea-Bissau",2020-03-27,0,0,0
"Guinea-Bissau",2020-03-28,0,0,0
"Guinea-Bissau",2020-03-29,0,0,0
"Guinea-Bissau",2020-03-30,6,0,0
"Guinea-Bissau",2020-03-31,0,0,0
"Guinea-Bissau",2020-04-01,1,0,0
"Guinea-Bissau",2020-04-02,0,0,0
"Guinea-Bissau",2020-04-03,6,0,0
"Guinea-Bissau",2020-04-04,3,0,0
"Guinea-Bissau",2020-04-05,0,0,0
"Guinea-Bissau",2020-04-06,0,0,0
"Guinea-Bissau",2020-04-07,15,0,0
"Guinea-Bissau",2020-04-08,0,0,0
"Guinea-Bissau",2020-04-09,3,0,0
"Guinea-Bissau",2020-04-10,0,0,0
"Guinea-Bissau",2020-04-11,2,0,0
"Guinea-Bissau",2020-04-12,0,0,0
"Guinea-Bissau",2020-04-13,0,0,0
"Guinea-Bissau",2020-04-14,0,0,0
"Guinea-Bissau",2020-04-15,5,0,0
"Guinea-Bissau",2020-04-16,0,0,0
"Guinea-Bissau",2020-04-17,0,0,0
"Guinea-Bissau",2020-04-18,3,0,0
"Guinea-Bissau",2020-04-19,4,0,0
"Guinea-Bissau",2020-04-20,0,0,0
"Guinea-Bissau",2020-04-21,0,0,0
"Guinea-Bissau",2020-04-22,0,0,0
"Guinea-Bissau",2020-04-23,0,0,0
"Guinea-Bissau",2020-04-24,2,0,0
"Guinea-Bissau",2020-04-25,0,0,0
"Guinea-Bissau",2020-04-26,1,1,1.89
"Guinea-Bissau",2020-04-27,20,0,1.37
"Guinea-Bissau",2020-04-28,0,0,1.37
"Guinea-Bissau",2020-04-29,132,0,0.49
"Guinea-Bissau",2020-04-30,0,0,0.49
"Guinea-Bissau",2020-05-01,52,0,0.39
"Guinea-Bissau",2020-05-02,0,0,0.39
"Guinea-Bissau",2020-05-03,0,0,0.39
"Guinea-Bissau",2020-05-04,156,0,0.24
"Guinea-Bissau",2020-05-05,0,0,0.24
"Guinea-Bissau",2020-05-06,62,1,0.42
"Guinea-Bissau",2020-05-07,89,0,0.35
"Guinea-Bissau",2020-05-08,30,0,0.34
"Guinea-Bissau",2020-05-09,47,1,0.47
"Guinea-Bissau",2020-05-10,85,0,0.41
"Guinea-Bissau",2020-05-11,35,0,0.39
"Guinea-Bissau",2020-05-12,59,0,0.37
"Guinea-Bissau",2020-05-13,16,0,0.36
"Guinea-Bissau",2020-05-14,77,0,0.33
"Guinea-Bissau",2020-05-15,0,0,0.33
"Guinea-Bissau",2020-05-16,56,1,0.41
"Guinea-Bissau",2020-05-17,21,0,0.4
"Guinea-Bissau",2020-05-18,42,0,0.39
"Guinea-Bissau",2020-05-19,6,2,0.58
"Guinea-Bissau",2020-05-20,51,0,0.55
"Guinea-Bissau",2020-05-21,20,0,0.54
"Guinea-Bissau",2020-05-22,5,0,0.54
"Guinea-Bissau",2020-05-23,0,0,0.54
"Guinea-Bissau",2020-05-24,0,0,0.54
"Guinea-Bissau",2020-05-25,64,1,0.59
"Guinea-Bissau",2020-05-26,0,0,0.59
"Guinea-Bissau",2020-05-27,17,0,0.59
"Guinea-Bissau",2020-05-28,0,1,0.67
"Guinea-Bissau",2020-05-29,61,0,0.64
"Guinea-Bissau",2020-05-30,0,0,0.64
"Guinea-Bissau",2020-05-31,0,0,0.64
"Guinea-Bissau",2020-06-01,83,0,0.6
"Guinea-Bissau",2020-06-02,0,0,0.6
"Guinea-Bissau",2020-06-03,0,0,0.6
"Guinea-Bissau",2020-06-04,0,0,0.6
"Guinea-Bissau",2020-06-05,29,4,0.88
"Guinea-Bissau",2020-06-06,0,0,0.88
"Guinea-Bissau",2020-06-07,0,0,0.88
"Guinea-Bissau",2020-06-08,21,0,0.86
"Guinea-Bissau",2020-06-09,0,0,0.86
"Guinea-Bissau",2020-06-10,0,0,0.86
"Guinea-Bissau",2020-06-11,0,0,0.86
"Guinea-Bissau",2020-06-12,71,3,1.03
"Guinea-Bissau",2020-06-13,0,0,1.03
"Guinea-Bissau",2020-06-14,0,0,1.03
"Guinea-Bissau",2020-06-15,32,0,1.01
"Guinea-Bissau",2020-06-16,0,0,1.01
"Guinea-Bissau",2020-06-17,0,0,1.01
"Liberia",2020-01-22,0,0,NA
"Liberia",2020-01-23,0,0,NA
"Liberia",2020-01-24,0,0,NA
"Liberia",2020-01-25,0,0,NA
"Liberia",2020-01-26,0,0,NA
"Liberia",2020-01-27,0,0,NA
"Liberia",2020-01-28,0,0,NA
"Liberia",2020-01-29,0,0,NA
"Liberia",2020-01-30,0,0,NA
"Liberia",2020-01-31,0,0,NA
"Liberia",2020-02-01,0,0,NA
"Liberia",2020-02-02,0,0,NA
"Liberia",2020-02-03,0,0,NA
"Liberia",2020-02-04,0,0,NA
"Liberia",2020-02-05,0,0,NA
"Liberia",2020-02-06,0,0,NA
"Liberia",2020-02-07,0,0,NA
"Liberia",2020-02-08,0,0,NA
"Liberia",2020-02-09,0,0,NA
"Liberia",2020-02-10,0,0,NA
"Liberia",2020-02-11,0,0,NA
"Liberia",2020-02-12,0,0,NA
"Liberia",2020-02-13,0,0,NA
"Liberia",2020-02-14,0,0,NA
"Liberia",2020-02-15,0,0,NA
"Liberia",2020-02-16,0,0,NA
"Liberia",2020-02-17,0,0,NA
"Liberia",2020-02-18,0,0,NA
"Liberia",2020-02-19,0,0,NA
"Liberia",2020-02-20,0,0,NA
"Liberia",2020-02-21,0,0,NA
"Liberia",2020-02-22,0,0,NA
"Liberia",2020-02-23,0,0,NA
"Liberia",2020-02-24,0,0,NA
"Liberia",2020-02-25,0,0,NA
"Liberia",2020-02-26,0,0,NA
"Liberia",2020-02-27,0,0,NA
"Liberia",2020-02-28,0,0,NA
"Liberia",2020-02-29,0,0,NA
"Liberia",2020-03-01,0,0,NA
"Liberia",2020-03-02,0,0,NA
"Liberia",2020-03-03,0,0,NA
"Liberia",2020-03-04,0,0,NA
"Liberia",2020-03-05,0,0,NA
"Liberia",2020-03-06,0,0,NA
"Liberia",2020-03-07,0,0,NA
"Liberia",2020-03-08,0,0,NA
"Liberia",2020-03-09,0,0,NA
"Liberia",2020-03-10,0,0,NA
"Liberia",2020-03-11,0,0,NA
"Liberia",2020-03-12,0,0,NA
"Liberia",2020-03-13,0,0,NA
"Liberia",2020-03-14,0,0,NA
"Liberia",2020-03-15,0,0,NA
"Liberia",2020-03-16,1,0,0
"Liberia",2020-03-17,0,0,0
"Liberia",2020-03-18,1,0,0
"Liberia",2020-03-19,0,0,0
"Liberia",2020-03-20,0,0,0
"Liberia",2020-03-21,1,0,0
"Liberia",2020-03-22,0,0,0
"Liberia",2020-03-23,0,0,0
"Liberia",2020-03-24,0,0,0
"Liberia",2020-03-25,0,0,0
"Liberia",2020-03-26,0,0,0
"Liberia",2020-03-27,0,0,0
"Liberia",2020-03-28,0,0,0
"Liberia",2020-03-29,0,0,0
"Liberia",2020-03-30,0,0,0
"Liberia",2020-03-31,0,0,0
"Liberia",2020-04-01,3,0,0
"Liberia",2020-04-02,0,0,0
"Liberia",2020-04-03,1,0,0
"Liberia",2020-04-04,3,1,10
"Liberia",2020-04-05,3,2,23.08
"Liberia",2020-04-06,1,0,21.43
"Liberia",2020-04-07,0,0,21.43
"Liberia",2020-04-08,17,1,12.9
"Liberia",2020-04-09,0,0,12.9
"Liberia",2020-04-10,6,1,13.51
"Liberia",2020-04-11,11,0,10.42
"Liberia",2020-04-12,2,0,10
"Liberia",2020-04-13,9,1,10.17
"Liberia",2020-04-14,0,0,10.17
"Liberia",2020-04-15,0,0,10.17
"Liberia",2020-04-16,0,0,10.17
"Liberia",2020-04-17,17,1,9.21
"Liberia",2020-04-18,0,0,9.21
"Liberia",2020-04-19,15,1,8.79
"Liberia",2020-04-20,8,0,8.08
"Liberia",2020-04-21,2,0,7.92
"Liberia",2020-04-22,0,0,7.92
"Liberia",2020-04-23,0,0,7.92
"Liberia",2020-04-24,16,0,6.84
"Liberia",2020-04-25,3,3,9.17
"Liberia",2020-04-26,4,1,9.68
"Liberia",2020-04-27,0,0,9.68
"Liberia",2020-04-28,17,4,11.35
"Liberia",2020-04-29,0,0,11.35
"Liberia",2020-04-30,0,0,11.35
"Liberia",2020-05-01,11,2,11.84
"Liberia",2020-05-02,2,0,11.69
"Liberia",2020-05-03,4,0,11.39
"Liberia",2020-05-04,8,0,10.84
"Liberia",2020-05-05,4,2,11.76
"Liberia",2020-05-06,8,0,11.24
"Liberia",2020-05-07,11,0,10.58
"Liberia",2020-05-08,10,0,10.05
"Liberia",2020-05-09,0,0,10.05
"Liberia",2020-05-10,0,0,10.05
"Liberia",2020-05-11,12,0,9.48
"Liberia",2020-05-12,0,0,9.48
"Liberia",2020-05-13,2,0,9.39
"Liberia",2020-05-14,2,0,9.3
"Liberia",2020-05-15,4,0,9.13
"Liberia",2020-05-16,4,0,8.97
"Liberia",2020-05-17,3,1,9.29
"Liberia",2020-05-18,3,1,9.61
"Liberia",2020-05-19,4,1,9.87
"Liberia",2020-05-20,5,0,9.66
"Liberia",2020-05-21,2,0,9.58
"Liberia",2020-05-22,9,1,9.64
"Liberia",2020-05-23,6,2,10.2
"Liberia",2020-05-24,10,0,9.81
"Liberia",2020-05-25,0,0,9.81
"Liberia",2020-05-26,1,0,9.77
"Liberia",2020-05-27,0,1,10.15
"Liberia",2020-05-28,3,0,10.04
"Liberia",2020-05-29,4,0,9.89
"Liberia",2020-05-30,7,0,9.64
"Liberia",2020-05-31,8,0,9.38
"Liberia",2020-06-01,8,0,9.12
"Liberia",2020-06-02,15,1,9
"Liberia",2020-06-03,5,0,8.86
"Liberia",2020-06-04,5,0,8.72
"Liberia",2020-06-05,13,2,8.98
"Liberia",2020-06-06,11,0,8.7
"Liberia",2020-06-07,14,0,8.36
"Liberia",2020-06-08,11,0,8.11
"Liberia",2020-06-09,13,1,8.09
"Liberia",2020-06-10,14,0,7.81
"Liberia",2020-06-11,13,0,7.56
"Liberia",2020-06-12,11,1,7.6
"Liberia",2020-06-13,25,0,7.17
"Liberia",2020-06-14,12,0,6.99
"Liberia",2020-06-15,40,1,6.63
"Liberia",2020-06-16,11,0,6.48
"Liberia",2020-06-17,7,0,6.4
"Mali",2020-01-22,0,0,NA
"Mali",2020-01-23,0,0,NA
"Mali",2020-01-24,0,0,NA
"Mali",2020-01-25,0,0,NA
"Mali",2020-01-26,0,0,NA
"Mali",2020-01-27,0,0,NA
"Mali",2020-01-28,0,0,NA
"Mali",2020-01-29,0,0,NA
"Mali",2020-01-30,0,0,NA
"Mali",2020-01-31,0,0,NA
"Mali",2020-02-01,0,0,NA
"Mali",2020-02-02,0,0,NA
"Mali",2020-02-03,0,0,NA
"Mali",2020-02-04,0,0,NA
"Mali",2020-02-05,0,0,NA
"Mali",2020-02-06,0,0,NA
"Mali",2020-02-07,0,0,NA
"Mali",2020-02-08,0,0,NA
"Mali",2020-02-09,0,0,NA
"Mali",2020-02-10,0,0,NA
"Mali",2020-02-11,0,0,NA
"Mali",2020-02-12,0,0,NA
"Mali",2020-02-13,0,0,NA
"Mali",2020-02-14,0,0,NA
"Mali",2020-02-15,0,0,NA
"Mali",2020-02-16,0,0,NA
"Mali",2020-02-17,0,0,NA
"Mali",2020-02-18,0,0,NA
"Mali",2020-02-19,0,0,NA
"Mali",2020-02-20,0,0,NA
"Mali",2020-02-21,0,0,NA
"Mali",2020-02-22,0,0,NA
"Mali",2020-02-23,0,0,NA
"Mali",2020-02-24,0,0,NA
"Mali",2020-02-25,0,0,NA
"Mali",2020-02-26,0,0,NA
"Mali",2020-02-27,0,0,NA
"Mali",2020-02-28,0,0,NA
"Mali",2020-02-29,0,0,NA
"Mali",2020-03-01,0,0,NA
"Mali",2020-03-02,0,0,NA
"Mali",2020-03-03,0,0,NA
"Mali",2020-03-04,0,0,NA
"Mali",2020-03-05,0,0,NA
"Mali",2020-03-06,0,0,NA
"Mali",2020-03-07,0,0,NA
"Mali",2020-03-08,0,0,NA
"Mali",2020-03-09,0,0,NA
"Mali",2020-03-10,0,0,NA
"Mali",2020-03-11,0,0,NA
"Mali",2020-03-12,0,0,NA
"Mali",2020-03-13,0,0,NA
"Mali",2020-03-14,0,0,NA
"Mali",2020-03-15,0,0,NA
"Mali",2020-03-16,0,0,NA
"Mali",2020-03-17,0,0,NA
"Mali",2020-03-18,0,0,NA
"Mali",2020-03-19,0,0,NA
"Mali",2020-03-20,0,0,NA
"Mali",2020-03-21,0,0,NA
"Mali",2020-03-22,0,0,NA
"Mali",2020-03-23,0,0,NA
"Mali",2020-03-24,0,0,NA
"Mali",2020-03-25,2,0,0
"Mali",2020-03-26,2,0,0
"Mali",2020-03-27,7,0,0
"Mali",2020-03-28,7,0,0
"Mali",2020-03-29,0,1,5.56
"Mali",2020-03-30,7,1,8
"Mali",2020-03-31,3,0,7.14
"Mali",2020-04-01,3,1,9.68
"Mali",2020-04-02,5,0,8.33
"Mali",2020-04-03,3,0,7.69
"Mali",2020-04-04,2,0,7.32
"Mali",2020-04-05,4,2,11.11
"Mali",2020-04-06,2,0,10.64
"Mali",2020-04-07,9,0,8.93
"Mali",2020-04-08,3,2,11.86
"Mali",2020-04-09,15,0,9.46
"Mali",2020-04-10,13,0,8.05
"Mali",2020-04-11,0,0,8.05
"Mali",2020-04-12,18,2,8.57
"Mali",2020-04-13,18,1,8.13
"Mali",2020-04-14,21,3,9.03
"Mali",2020-04-15,4,0,8.78
"Mali",2020-04-16,23,0,7.6
"Mali",2020-04-17,0,0,7.6
"Mali",2020-04-18,45,0,6.02
"Mali",2020-04-19,8,1,6.25
"Mali",2020-04-20,22,0,5.69
"Mali",2020-04-21,12,0,5.43
"Mali",2020-04-22,35,3,5.8
"Mali",2020-04-23,16,4,6.8
"Mali",2020-04-24,16,0,6.46
"Mali",2020-04-25,45,0,5.68
"Mali",2020-04-26,19,2,5.91
"Mali",2020-04-27,19,0,5.64
"Mali",2020-04-28,16,1,5.66
"Mali",2020-04-29,58,1,5.19
"Mali",2020-04-30,8,1,5.31
"Mali",2020-05-01,18,0,5.12
"Mali",2020-05-02,36,0,4.78
"Mali",2020-05-03,19,1,4.8
"Mali",2020-05-04,17,2,5
"Mali",2020-05-05,32,3,5.23
"Mali",2020-05-06,19,0,5.07
"Mali",2020-05-07,19,0,4.92
"Mali",2020-05-08,18,3,5.24
"Mali",2020-05-09,24,2,5.35
"Mali",2020-05-10,12,1,5.4
"Mali",2020-05-11,8,1,5.48
"Mali",2020-05-12,18,1,5.48
"Mali",2020-05-13,28,4,5.8
"Mali",2020-05-14,21,2,5.91
"Mali",2020-05-15,27,0,5.71
"Mali",2020-05-16,29,2,5.75
"Mali",2020-05-17,25,4,6.05
"Mali",2020-05-18,14,0,5.95
"Mali",2020-05-19,27,1,5.88
"Mali",2020-05-20,30,2,5.91
"Mali",2020-05-21,16,5,6.34
"Mali",2020-05-22,22,2,6.4
"Mali",2020-05-23,46,1,6.21
"Mali",2020-05-24,15,2,6.31
"Mali",2020-05-25,29,2,6.33
"Mali",2020-05-26,18,3,6.5
"Mali",2020-05-27,39,0,6.27
"Mali",2020-05-28,78,2,6.03
"Mali",2020-05-29,32,1,5.95
"Mali",2020-05-30,24,3,6.08
"Mali",2020-05-31,15,1,6.09
"Mali",2020-06-01,50,1,5.93
"Mali",2020-06-02,36,0,5.77
"Mali",2020-06-03,35,1,5.7
"Mali",2020-06-04,75,6,5.82
"Mali",2020-06-05,24,2,5.86
"Mali",2020-06-06,38,3,5.91
"Mali",2020-06-07,10,0,5.87
"Mali",2020-06-08,14,2,5.95
"Mali",2020-06-09,39,2,5.93
"Mali",2020-06-10,81,2,5.76
"Mali",2020-06-11,55,1,5.63
"Mali",2020-06-12,30,4,5.76
"Mali",2020-06-13,24,3,5.86
"Mali",2020-06-14,33,0,5.75
"Mali",2020-06-15,51,0,5.59
"Mali",2020-06-16,25,0,5.52
"Mali",2020-06-17,5,3,5.66
"Mauritania",2020-01-22,0,0,NA
"Mauritania",2020-01-23,0,0,NA
"Mauritania",2020-01-24,0,0,NA
"Mauritania",2020-01-25,0,0,NA
"Mauritania",2020-01-26,0,0,NA
"Mauritania",2020-01-27,0,0,NA
"Mauritania",2020-01-28,0,0,NA
"Mauritania",2020-01-29,0,0,NA
"Mauritania",2020-01-30,0,0,NA
"Mauritania",2020-01-31,0,0,NA
"Mauritania",2020-02-01,0,0,NA
"Mauritania",2020-02-02,0,0,NA
"Mauritania",2020-02-03,0,0,NA
"Mauritania",2020-02-04,0,0,NA
"Mauritania",2020-02-05,0,0,NA
"Mauritania",2020-02-06,0,0,NA
"Mauritania",2020-02-07,0,0,NA
"Mauritania",2020-02-08,0,0,NA
"Mauritania",2020-02-09,0,0,NA
"Mauritania",2020-02-10,0,0,NA
"Mauritania",2020-02-11,0,0,NA
"Mauritania",2020-02-12,0,0,NA
"Mauritania",2020-02-13,0,0,NA
"Mauritania",2020-02-14,0,0,NA
"Mauritania",2020-02-15,0,0,NA
"Mauritania",2020-02-16,0,0,NA
"Mauritania",2020-02-17,0,0,NA
"Mauritania",2020-02-18,0,0,NA
"Mauritania",2020-02-19,0,0,NA
"Mauritania",2020-02-20,0,0,NA
"Mauritania",2020-02-21,0,0,NA
"Mauritania",2020-02-22,0,0,NA
"Mauritania",2020-02-23,0,0,NA
"Mauritania",2020-02-24,0,0,NA
"Mauritania",2020-02-25,0,0,NA
"Mauritania",2020-02-26,0,0,NA
"Mauritania",2020-02-27,0,0,NA
"Mauritania",2020-02-28,0,0,NA
"Mauritania",2020-02-29,0,0,NA
"Mauritania",2020-03-01,0,0,NA
"Mauritania",2020-03-02,0,0,NA
"Mauritania",2020-03-03,0,0,NA
"Mauritania",2020-03-04,0,0,NA
"Mauritania",2020-03-05,0,0,NA
"Mauritania",2020-03-06,0,0,NA
"Mauritania",2020-03-07,0,0,NA
"Mauritania",2020-03-08,0,0,NA
"Mauritania",2020-03-09,0,0,NA
"Mauritania",2020-03-10,0,0,NA
"Mauritania",2020-03-11,0,0,NA
"Mauritania",2020-03-12,0,0,NA
"Mauritania",2020-03-13,0,0,NA
"Mauritania",2020-03-14,1,0,0
"Mauritania",2020-03-15,0,0,0
"Mauritania",2020-03-16,0,0,0
"Mauritania",2020-03-17,0,0,0
"Mauritania",2020-03-18,0,0,0
"Mauritania",2020-03-19,1,0,0
"Mauritania",2020-03-20,0,0,0
"Mauritania",2020-03-21,0,0,0
"Mauritania",2020-03-22,0,0,0
"Mauritania",2020-03-23,0,0,0
"Mauritania",2020-03-24,0,0,0
"Mauritania",2020-03-25,0,0,0
"Mauritania",2020-03-26,1,0,0
"Mauritania",2020-03-27,0,0,0
"Mauritania",2020-03-28,2,0,0
"Mauritania",2020-03-29,0,0,0
"Mauritania",2020-03-30,0,1,20
"Mauritania",2020-03-31,1,0,16.67
"Mauritania",2020-04-01,0,0,16.67
"Mauritania",2020-04-02,0,0,16.67
"Mauritania",2020-04-03,0,0,16.67
"Mauritania",2020-04-04,0,0,16.67
"Mauritania",2020-04-05,0,0,16.67
"Mauritania",2020-04-06,0,0,16.67
"Mauritania",2020-04-07,0,0,16.67
"Mauritania",2020-04-08,0,0,16.67
"Mauritania",2020-04-09,1,0,14.29
"Mauritania",2020-04-10,0,0,14.29
"Mauritania",2020-04-11,0,0,14.29
"Mauritania",2020-04-12,0,0,14.29
"Mauritania",2020-04-13,0,0,14.29
"Mauritania",2020-04-14,0,0,14.29
"Mauritania",2020-04-15,0,0,14.29
"Mauritania",2020-04-16,0,0,14.29
"Mauritania",2020-04-17,0,0,14.29
"Mauritania",2020-04-18,0,0,14.29
"Mauritania",2020-04-19,0,0,14.29
"Mauritania",2020-04-20,0,0,14.29
"Mauritania",2020-04-21,0,0,14.29
"Mauritania",2020-04-22,0,0,14.29
"Mauritania",2020-04-23,0,0,14.29
"Mauritania",2020-04-24,0,0,14.29
"Mauritania",2020-04-25,0,0,14.29
"Mauritania",2020-04-26,0,0,14.29
"Mauritania",2020-04-27,0,0,14.29
"Mauritania",2020-04-28,0,0,14.29
"Mauritania",2020-04-29,1,0,12.5
"Mauritania",2020-04-30,0,0,12.5
"Mauritania",2020-05-01,0,0,12.5
"Mauritania",2020-05-02,0,0,12.5
"Mauritania",2020-05-03,0,0,12.5
"Mauritania",2020-05-04,0,0,12.5
"Mauritania",2020-05-05,0,0,12.5
"Mauritania",2020-05-06,0,0,12.5
"Mauritania",2020-05-07,0,0,12.5
"Mauritania",2020-05-08,0,0,12.5
"Mauritania",2020-05-09,0,0,12.5
"Mauritania",2020-05-10,0,0,12.5
"Mauritania",2020-05-11,0,0,12.5
"Mauritania",2020-05-12,1,0,11.11
"Mauritania",2020-05-13,6,1,13.33
"Mauritania",2020-05-14,5,0,10
"Mauritania",2020-05-15,9,1,10.34
"Mauritania",2020-05-16,11,1,10
"Mauritania",2020-05-17,22,0,6.45
"Mauritania",2020-05-18,19,0,4.94
"Mauritania",2020-05-19,50,0,3.05
"Mauritania",2020-05-20,10,0,2.84
"Mauritania",2020-05-21,32,1,2.89
"Mauritania",2020-05-22,27,1,3
"Mauritania",2020-05-23,27,0,2.64
"Mauritania",2020-05-24,10,0,2.53
"Mauritania",2020-05-25,25,3,3.44
"Mauritania",2020-05-26,6,4,4.85
"Mauritania",2020-05-27,24,3,5.48
"Mauritania",2020-05-28,54,3,5.49
"Mauritania",2020-05-29,77,1,4.73
"Mauritania",2020-05-30,60,0,4.14
"Mauritania",2020-05-31,47,3,4.34
"Mauritania",2020-06-01,58,0,3.91
"Mauritania",2020-06-02,80,8,4.64
"Mauritania",2020-06-03,77,3,4.56
"Mauritania",2020-06-04,39,5,4.97
"Mauritania",2020-06-05,99,4,4.87
"Mauritania",2020-06-06,64,6,5.17
"Mauritania",2020-06-07,102,6,5.24
"Mauritania",2020-06-08,55,4,5.34
"Mauritania",2020-06-09,58,2,5.25
"Mauritania",2020-06-10,121,10,5.53
"Mauritania",2020-06-11,156,3,5.14
"Mauritania",2020-06-12,133,7,5.15
"Mauritania",2020-06-13,110,2,4.93
"Mauritania",2020-06-14,101,4,4.88
"Mauritania",2020-06-15,104,4,4.82
"Mauritania",2020-06-16,170,2,4.52
"Mauritania",2020-06-17,166,2,4.27
"Niger",2020-01-22,0,0,NA
"Niger",2020-01-23,0,0,NA
"Niger",2020-01-24,0,0,NA
"Niger",2020-01-25,0,0,NA
"Niger",2020-01-26,0,0,NA
"Niger",2020-01-27,0,0,NA
"Niger",2020-01-28,0,0,NA
"Niger",2020-01-29,0,0,NA
"Niger",2020-01-30,0,0,NA
"Niger",2020-01-31,0,0,NA
"Niger",2020-02-01,0,0,NA
"Niger",2020-02-02,0,0,NA
"Niger",2020-02-03,0,0,NA
"Niger",2020-02-04,0,0,NA
"Niger",2020-02-05,0,0,NA
"Niger",2020-02-06,0,0,NA
"Niger",2020-02-07,0,0,NA
"Niger",2020-02-08,0,0,NA
"Niger",2020-02-09,0,0,NA
"Niger",2020-02-10,0,0,NA
"Niger",2020-02-11,0,0,NA
"Niger",2020-02-12,0,0,NA
"Niger",2020-02-13,0,0,NA
"Niger",2020-02-14,0,0,NA
"Niger",2020-02-15,0,0,NA
"Niger",2020-02-16,0,0,NA
"Niger",2020-02-17,0,0,NA
"Niger",2020-02-18,0,0,NA
"Niger",2020-02-19,0,0,NA
"Niger",2020-02-20,0,0,NA
"Niger",2020-02-21,0,0,NA
"Niger",2020-02-22,0,0,NA
"Niger",2020-02-23,0,0,NA
"Niger",2020-02-24,0,0,NA
"Niger",2020-02-25,0,0,NA
"Niger",2020-02-26,0,0,NA
"Niger",2020-02-27,0,0,NA
"Niger",2020-02-28,0,0,NA
"Niger",2020-02-29,0,0,NA
"Niger",2020-03-01,0,0,NA
"Niger",2020-03-02,0,0,NA
"Niger",2020-03-03,0,0,NA
"Niger",2020-03-04,0,0,NA
"Niger",2020-03-05,0,0,NA
"Niger",2020-03-06,0,0,NA
"Niger",2020-03-07,0,0,NA
"Niger",2020-03-08,0,0,NA
"Niger",2020-03-09,0,0,NA
"Niger",2020-03-10,0,0,NA
"Niger",2020-03-11,0,0,NA
"Niger",2020-03-12,0,0,NA
"Niger",2020-03-13,0,0,NA
"Niger",2020-03-14,0,0,NA
"Niger",2020-03-15,0,0,NA
"Niger",2020-03-16,0,0,NA
"Niger",2020-03-17,0,0,NA
"Niger",2020-03-18,0,0,NA
"Niger",2020-03-19,0,0,NA
"Niger",2020-03-20,1,0,0
"Niger",2020-03-21,0,0,0
"Niger",2020-03-22,1,0,0
"Niger",2020-03-23,1,0,0
"Niger",2020-03-24,0,0,0
"Niger",2020-03-25,4,1,14.29
"Niger",2020-03-26,3,0,10
"Niger",2020-03-27,0,0,10
"Niger",2020-03-28,0,0,10
"Niger",2020-03-29,8,0,5.56
"Niger",2020-03-30,9,2,11.11
"Niger",2020-03-31,0,0,11.11
"Niger",2020-04-01,47,2,6.76
"Niger",2020-04-02,24,0,5.1
"Niger",2020-04-03,22,0,4.17
"Niger",2020-04-04,24,3,5.56
"Niger",2020-04-05,40,2,5.43
"Niger",2020-04-06,69,0,3.95
"Niger",2020-04-07,25,1,3.96
"Niger",2020-04-08,64,0,3.22
"Niger",2020-04-09,68,0,2.68
"Niger",2020-04-10,28,0,2.51
"Niger",2020-04-11,53,0,2.24
"Niger",2020-04-12,38,1,2.27
"Niger",2020-04-13,0,0,2.27
"Niger",2020-04-14,41,2,2.46
"Niger",2020-04-15,14,0,2.4
"Niger",2020-04-16,0,0,2.4
"Niger",2020-04-17,43,4,2.87
"Niger",2020-04-18,12,1,2.97
"Niger",2020-04-19,9,1,3.09
"Niger",2020-04-20,0,0,3.09
"Niger",2020-04-21,9,0,3.04
"Niger",2020-04-22,5,2,3.32
"Niger",2020-04-23,9,2,3.58
"Niger",2020-04-24,10,0,3.52
"Niger",2020-04-25,3,3,3.95
"Niger",2020-04-26,12,2,4.17
"Niger",2020-04-27,5,0,4.14
"Niger",2020-04-28,8,2,4.37
"Niger",2020-04-29,4,1,4.49
"Niger",2020-04-30,6,0,4.45
"Niger",2020-05-01,9,1,4.53
"Niger",2020-05-02,8,2,4.76
"Niger",2020-05-03,14,1,4.8
"Niger",2020-05-04,5,1,4.9
"Niger",2020-05-05,8,1,4.98
"Niger",2020-05-06,7,0,4.94
"Niger",2020-05-07,11,4,5.38
"Niger",2020-05-08,14,2,5.53
"Niger",2020-05-09,20,1,5.52
"Niger",2020-05-10,6,1,5.6
"Niger",2020-05-11,11,0,5.53
"Niger",2020-05-12,22,1,5.5
"Niger",2020-05-13,6,2,5.7
"Niger",2020-05-14,16,1,5.71
"Niger",2020-05-15,9,1,5.76
"Niger",2020-05-16,4,0,5.74
"Niger",2020-05-17,15,3,5.97
"Niger",2020-05-18,5,1,6.05
"Niger",2020-05-19,5,0,6.02
"Niger",2020-05-20,6,3,6.3
"Niger",2020-05-21,4,2,6.49
"Niger",2020-05-22,13,0,6.4
"Niger",2020-05-23,6,1,6.47
"Niger",2020-05-24,2,0,6.46
"Niger",2020-05-25,6,1,6.52
"Niger",2020-05-26,1,1,6.62
"Niger",2020-05-27,0,0,6.62
"Niger",2020-05-28,3,1,6.7
"Niger",2020-05-29,0,0,6.7
"Niger",2020-05-30,1,0,6.69
"Niger",2020-05-31,2,0,6.68
"Niger",2020-06-01,0,1,6.78
"Niger",2020-06-02,2,0,6.77
"Niger",2020-06-03,1,0,6.76
"Niger",2020-06-04,2,0,6.75
"Niger",2020-06-05,3,0,6.73
"Niger",2020-06-06,4,0,6.7
"Niger",2020-06-07,3,0,6.68
"Niger",2020-06-08,0,0,6.68
"Niger",2020-06-09,1,0,6.67
"Niger",2020-06-10,0,0,6.67
"Niger",2020-06-11,0,0,6.67
"Niger",2020-06-12,4,0,6.65
"Niger",2020-06-13,2,1,6.73
"Niger",2020-06-14,0,0,6.73
"Niger",2020-06-15,0,0,6.73
"Niger",2020-06-16,36,0,6.5
"Niger",2020-06-17,4,1,6.57
"Nigeria",2020-01-22,0,0,NA
"Nigeria",2020-01-23,0,0,NA
"Nigeria",2020-01-24,0,0,NA
"Nigeria",2020-01-25,0,0,NA
"Nigeria",2020-01-26,0,0,NA
"Nigeria",2020-01-27,0,0,NA
"Nigeria",2020-01-28,0,0,NA
"Nigeria",2020-01-29,0,0,NA
"Nigeria",2020-01-30,0,0,NA
"Nigeria",2020-01-31,0,0,NA
"Nigeria",2020-02-01,0,0,NA
"Nigeria",2020-02-02,0,0,NA
"Nigeria",2020-02-03,0,0,NA
"Nigeria",2020-02-04,0,0,NA
"Nigeria",2020-02-05,0,0,NA
"Nigeria",2020-02-06,0,0,NA
"Nigeria",2020-02-07,0,0,NA
"Nigeria",2020-02-08,0,0,NA
"Nigeria",2020-02-09,0,0,NA
"Nigeria",2020-02-10,0,0,NA
"Nigeria",2020-02-11,0,0,NA
"Nigeria",2020-02-12,0,0,NA
"Nigeria",2020-02-13,0,0,NA
"Nigeria",2020-02-14,0,0,NA
"Nigeria",2020-02-15,0,0,NA
"Nigeria",2020-02-16,0,0,NA
"Nigeria",2020-02-17,0,0,NA
"Nigeria",2020-02-18,0,0,NA
"Nigeria",2020-02-19,0,0,NA
"Nigeria",2020-02-20,0,0,NA
"Nigeria",2020-02-21,0,0,NA
"Nigeria",2020-02-22,0,0,NA
"Nigeria",2020-02-23,0,0,NA
"Nigeria",2020-02-24,0,0,NA
"Nigeria",2020-02-25,0,0,NA
"Nigeria",2020-02-26,0,0,NA
"Nigeria",2020-02-27,0,0,NA
"Nigeria",2020-02-28,1,0,0
"Nigeria",2020-02-29,0,0,0
"Nigeria",2020-03-01,0,0,0
"Nigeria",2020-03-02,0,0,0
"Nigeria",2020-03-03,0,0,0
"Nigeria",2020-03-04,0,0,0
"Nigeria",2020-03-05,0,0,0
"Nigeria",2020-03-06,0,0,0
"Nigeria",2020-03-07,0,0,0
"Nigeria",2020-03-08,0,0,0
"Nigeria",2020-03-09,1,0,0
"Nigeria",2020-03-10,0,0,0
"Nigeria",2020-03-11,0,0,0
"Nigeria",2020-03-12,0,0,0
"Nigeria",2020-03-13,0,0,0
"Nigeria",2020-03-14,0,0,0
"Nigeria",2020-03-15,0,0,0
"Nigeria",2020-03-16,0,0,0
"Nigeria",2020-03-17,1,0,0
"Nigeria",2020-03-18,5,0,0
"Nigeria",2020-03-19,0,0,0
"Nigeria",2020-03-20,4,0,0
"Nigeria",2020-03-21,10,0,0
"Nigeria",2020-03-22,8,0,0
"Nigeria",2020-03-23,10,1,2.5
"Nigeria",2020-03-24,4,0,2.27
"Nigeria",2020-03-25,7,0,1.96
"Nigeria",2020-03-26,14,0,1.54
"Nigeria",2020-03-27,5,0,1.43
"Nigeria",2020-03-28,19,0,1.12
"Nigeria",2020-03-29,22,0,0.9
"Nigeria",2020-03-30,20,1,1.53
"Nigeria",2020-03-31,4,0,1.48
"Nigeria",2020-04-01,39,0,1.15
"Nigeria",2020-04-02,10,0,1.09
"Nigeria",2020-04-03,26,2,1.9
"Nigeria",2020-04-04,4,0,1.87
"Nigeria",2020-04-05,18,1,2.16
"Nigeria",2020-04-06,6,0,2.1
"Nigeria",2020-04-07,16,1,2.36
"Nigeria",2020-04-08,22,0,2.17
"Nigeria",2020-04-09,12,1,2.43
"Nigeria",2020-04-10,17,0,2.3
"Nigeria",2020-04-11,13,3,3.14
"Nigeria",2020-04-12,5,0,3.1
"Nigeria",2020-04-13,20,0,2.92
"Nigeria",2020-04-14,30,1,2.95
"Nigeria",2020-04-15,34,1,2.95
"Nigeria",2020-04-16,35,1,2.94
"Nigeria",2020-04-17,51,4,3.45
"Nigeria",2020-04-18,49,2,3.51
"Nigeria",2020-04-19,85,2,3.35
"Nigeria",2020-04-20,38,1,3.31
"Nigeria",2020-04-21,0,0,3.31
"Nigeria",2020-04-22,208,6,3.21
"Nigeria",2020-04-23,108,3,3.16
"Nigeria",2020-04-24,114,1,2.92
"Nigeria",2020-04-25,87,3,2.96
"Nigeria",2020-04-26,91,5,3.14
"Nigeria",2020-04-27,64,0,2.99
"Nigeria",2020-04-28,195,4,2.87
"Nigeria",2020-04-29,196,7,2.95
"Nigeria",2020-04-30,204,7,3
"Nigeria",2020-05-01,238,10,3.13
"Nigeria",2020-05-02,218,17,3.56
"Nigeria",2020-05-03,170,2,3.4
"Nigeria",2020-05-04,244,6,3.32
"Nigeria",2020-05-05,148,5,3.32
"Nigeria",2020-05-06,195,5,3.28
"Nigeria",2020-05-07,381,4,3.03
"Nigeria",2020-05-08,386,10,2.99
"Nigeria",2020-05-09,239,11,3.08
"Nigeria",2020-05-10,248,15,3.25
"Nigeria",2020-05-11,242,7,3.23
"Nigeria",2020-05-12,146,8,3.3
"Nigeria",2020-05-13,184,6,3.3
"Nigeria",2020-05-14,191,3,3.24
"Nigeria",2020-05-15,288,4,3.14
"Nigeria",2020-05-16,171,5,3.13
"Nigeria",2020-05-17,338,6,3.05
"Nigeria",2020-05-18,216,9,3.09
"Nigeria",2020-05-19,226,1,3
"Nigeria",2020-05-20,276,8,3
"Nigeria",2020-05-21,339,11,3.01
"Nigeria",2020-05-22,245,10,3.04
"Nigeria",2020-05-23,265,0,2.94
"Nigeria",2020-05-24,313,5,2.88
"Nigeria",2020-05-25,229,7,2.89
"Nigeria",2020-05-26,276,16,2.98
"Nigeria",2020-05-27,389,5,2.91
"Nigeria",2020-05-28,182,5,2.91
"Nigeria",2020-05-29,387,2,2.81
"Nigeria",2020-05-30,553,12,2.77
"Nigeria",2020-05-31,307,14,2.82
"Nigeria",2020-06-01,416,12,2.83
"Nigeria",2020-06-02,241,15,2.9
"Nigeria",2020-06-03,347,1,2.82
"Nigeria",2020-06-04,350,8,2.8
"Nigeria",2020-06-05,328,10,2.81
"Nigeria",2020-06-06,389,9,2.8
"Nigeria",2020-06-07,253,12,2.84
"Nigeria",2020-06-08,315,7,2.82
"Nigeria",2020-06-09,663,4,2.71
"Nigeria",2020-06-10,409,17,2.75
"Nigeria",2020-06-11,681,5,2.66
"Nigeria",2020-06-12,627,12,2.63
"Nigeria",2020-06-13,501,8,2.6
"Nigeria",2020-06-14,403,13,2.61
"Nigeria",2020-06-15,573,4,2.55
"Nigeria",2020-06-16,490,31,2.65
"Nigeria",2020-06-17,587,14,2.64
"Senegal",2020-01-22,0,0,NA
"Senegal",2020-01-23,0,0,NA
"Senegal",2020-01-24,0,0,NA
"Senegal",2020-01-25,0,0,NA
"Senegal",2020-01-26,0,0,NA
"Senegal",2020-01-27,0,0,NA
"Senegal",2020-01-28,0,0,NA
"Senegal",2020-01-29,0,0,NA
"Senegal",2020-01-30,0,0,NA
"Senegal",2020-01-31,0,0,NA
"Senegal",2020-02-01,0,0,NA
"Senegal",2020-02-02,0,0,NA
"Senegal",2020-02-03,0,0,NA
"Senegal",2020-02-04,0,0,NA
"Senegal",2020-02-05,0,0,NA
"Senegal",2020-02-06,0,0,NA
"Senegal",2020-02-07,0,0,NA
"Senegal",2020-02-08,0,0,NA
"Senegal",2020-02-09,0,0,NA
"Senegal",2020-02-10,0,0,NA
"Senegal",2020-02-11,0,0,NA
"Senegal",2020-02-12,0,0,NA
"Senegal",2020-02-13,0,0,NA
"Senegal",2020-02-14,0,0,NA
"Senegal",2020-02-15,0,0,NA
"Senegal",2020-02-16,0,0,NA
"Senegal",2020-02-17,0,0,NA
"Senegal",2020-02-18,0,0,NA
"Senegal",2020-02-19,0,0,NA
"Senegal",2020-02-20,0,0,NA
"Senegal",2020-02-21,0,0,NA
"Senegal",2020-02-22,0,0,NA
"Senegal",2020-02-23,0,0,NA
"Senegal",2020-02-24,0,0,NA
"Senegal",2020-02-25,0,0,NA
"Senegal",2020-02-26,0,0,NA
"Senegal",2020-02-27,0,0,NA
"Senegal",2020-02-28,0,0,NA
"Senegal",2020-02-29,0,0,NA
"Senegal",2020-03-01,0,0,NA
"Senegal",2020-03-02,1,0,0
"Senegal",2020-03-03,1,0,0
"Senegal",2020-03-04,2,0,0
"Senegal",2020-03-05,0,0,0
"Senegal",2020-03-06,0,0,0
"Senegal",2020-03-07,0,0,0
"Senegal",2020-03-08,0,0,0
"Senegal",2020-03-09,0,0,0
"Senegal",2020-03-10,0,0,0
"Senegal",2020-03-11,0,0,0
"Senegal",2020-03-12,0,0,0
"Senegal",2020-03-13,6,0,0
"Senegal",2020-03-14,0,0,0
"Senegal",2020-03-15,14,0,0
"Senegal",2020-03-16,0,0,0
"Senegal",2020-03-17,2,0,0
"Senegal",2020-03-18,5,0,0
"Senegal",2020-03-19,0,0,0
"Senegal",2020-03-20,7,0,0
"Senegal",2020-03-21,9,0,0
"Senegal",2020-03-22,20,0,0
"Senegal",2020-03-23,12,0,0
"Senegal",2020-03-24,7,0,0
"Senegal",2020-03-25,13,0,0
"Senegal",2020-03-26,6,0,0
"Senegal",2020-03-27,14,0,0
"Senegal",2020-03-28,11,0,0
"Senegal",2020-03-29,12,0,0
"Senegal",2020-03-30,20,0,0
"Senegal",2020-03-31,13,0,0
"Senegal",2020-04-01,15,1,0.53
"Senegal",2020-04-02,5,0,0.51
"Senegal",2020-04-03,12,0,0.48
"Senegal",2020-04-04,12,1,0.91
"Senegal",2020-04-05,3,0,0.9
"Senegal",2020-04-06,4,0,0.88
"Senegal",2020-04-07,11,0,0.84
"Senegal",2020-04-08,7,0,0.82
"Senegal",2020-04-09,6,0,0.8
"Senegal",2020-04-10,15,0,0.75
"Senegal",2020-04-11,13,0,0.72
"Senegal",2020-04-12,2,0,0.71
"Senegal",2020-04-13,11,0,0.69
"Senegal",2020-04-14,8,0,0.67
"Senegal",2020-04-15,15,0,0.64
"Senegal",2020-04-16,21,0,0.6
"Senegal",2020-04-17,7,0,0.58
"Senegal",2020-04-18,8,1,0.86
"Senegal",2020-04-19,17,0,0.82
"Senegal",2020-04-20,10,2,1.33
"Senegal",2020-04-21,35,0,1.21
"Senegal",2020-04-22,30,1,1.36
"Senegal",2020-04-23,37,0,1.25
"Senegal",2020-04-24,66,1,1.28
"Senegal",2020-04-25,69,0,1.14
"Senegal",2020-04-26,57,2,1.34
"Senegal",2020-04-27,65,0,1.22
"Senegal",2020-04-28,87,0,1.09
"Senegal",2020-04-29,59,0,1.02
"Senegal",2020-04-30,51,0,0.96
"Senegal",2020-05-01,91,0,0.88
"Senegal",2020-05-02,91,0,0.81
"Senegal",2020-05-03,67,0,0.76
"Senegal",2020-05-04,89,1,0.79
"Senegal",2020-05-05,58,1,0.83
"Senegal",2020-05-06,104,1,0.84
"Senegal",2020-05-07,59,1,0.87
"Senegal",2020-05-08,59,0,0.84
"Senegal",2020-05-09,83,4,1.04
"Senegal",2020-05-10,75,2,1.11
"Senegal",2020-05-11,177,0,1.01
"Senegal",2020-05-12,109,0,0.95
"Senegal",2020-05-13,110,2,1
"Senegal",2020-05-14,84,2,1.05
"Senegal",2020-05-15,121,2,1.08
"Senegal",2020-05-16,119,0,1.03
"Senegal",2020-05-17,51,0,1.01
"Senegal",2020-05-18,64,1,1.02
"Senegal",2020-05-19,73,4,1.15
"Senegal",2020-05-20,97,0,1.11
"Senegal",2020-05-21,98,3,1.17
"Senegal",2020-05-22,97,0,1.13
"Senegal",2020-05-23,67,1,1.14
"Senegal",2020-05-24,71,1,1.15
"Senegal",2020-05-25,83,0,1.12
"Senegal",2020-05-26,31,1,1.14
"Senegal",2020-05-27,92,2,1.17
"Senegal",2020-05-28,95,1,1.16
"Senegal",2020-05-29,81,2,1.2
"Senegal",2020-05-30,106,1,1.19
"Senegal",2020-05-31,110,0,1.15
"Senegal",2020-06-01,94,0,1.12
"Senegal",2020-06-02,97,1,1.12
"Senegal",2020-06-03,96,2,1.14
"Senegal",2020-06-04,89,0,1.12
"Senegal",2020-06-05,134,0,1.08
"Senegal",2020-06-06,94,2,1.11
"Senegal",2020-06-07,79,2,1.13
"Senegal",2020-06-08,99,0,1.11
"Senegal",2020-06-09,89,3,1.15
"Senegal",2020-06-10,124,0,1.12
"Senegal",2020-06-11,119,3,1.16
"Senegal",2020-06-12,92,1,1.15
"Senegal",2020-06-13,145,4,1.2
"Senegal",2020-06-14,94,0,1.18
"Senegal",2020-06-15,83,4,1.24
"Senegal",2020-06-16,74,6,1.33
"Senegal",2020-06-17,122,3,1.36
"Sierra Leone",2020-01-22,0,0,NA
"Sierra Leone",2020-01-23,0,0,NA
"Sierra Leone",2020-01-24,0,0,NA
"Sierra Leone",2020-01-25,0,0,NA
"Sierra Leone",2020-01-26,0,0,NA
"Sierra Leone",2020-01-27,0,0,NA
"Sierra Leone",2020-01-28,0,0,NA
"Sierra Leone",2020-01-29,0,0,NA
"Sierra Leone",2020-01-30,0,0,NA
"Sierra Leone",2020-01-31,0,0,NA
"Sierra Leone",2020-02-01,0,0,NA
"Sierra Leone",2020-02-02,0,0,NA
"Sierra Leone",2020-02-03,0,0,NA
"Sierra Leone",2020-02-04,0,0,NA
"Sierra Leone",2020-02-05,0,0,NA
"Sierra Leone",2020-02-06,0,0,NA
"Sierra Leone",2020-02-07,0,0,NA
"Sierra Leone",2020-02-08,0,0,NA
"Sierra Leone",2020-02-09,0,0,NA
"Sierra Leone",2020-02-10,0,0,NA
"Sierra Leone",2020-02-11,0,0,NA
"Sierra Leone",2020-02-12,0,0,NA
"Sierra Leone",2020-02-13,0,0,NA
"Sierra Leone",2020-02-14,0,0,NA
"Sierra Leone",2020-02-15,0,0,NA
"Sierra Leone",2020-02-16,0,0,NA
"Sierra Leone",2020-02-17,0,0,NA
"Sierra Leone",2020-02-18,0,0,NA
"Sierra Leone",2020-02-19,0,0,NA
"Sierra Leone",2020-02-20,0,0,NA
"Sierra Leone",2020-02-21,0,0,NA
"Sierra Leone",2020-02-22,0,0,NA
"Sierra Leone",2020-02-23,0,0,NA
"Sierra Leone",2020-02-24,0,0,NA
"Sierra Leone",2020-02-25,0,0,NA
"Sierra Leone",2020-02-26,0,0,NA
"Sierra Leone",2020-02-27,0,0,NA
"Sierra Leone",2020-02-28,0,0,NA
"Sierra Leone",2020-02-29,0,0,NA
"Sierra Leone",2020-03-01,0,0,NA
"Sierra Leone",2020-03-02,0,0,NA
"Sierra Leone",2020-03-03,0,0,NA
"Sierra Leone",2020-03-04,0,0,NA
"Sierra Leone",2020-03-05,0,0,NA
"Sierra Leone",2020-03-06,0,0,NA
"Sierra Leone",2020-03-07,0,0,NA
"Sierra Leone",2020-03-08,0,0,NA
"Sierra Leone",2020-03-09,0,0,NA
"Sierra Leone",2020-03-10,0,0,NA
"Sierra Leone",2020-03-11,0,0,NA
"Sierra Leone",2020-03-12,0,0,NA
"Sierra Leone",2020-03-13,0,0,NA
"Sierra Leone",2020-03-14,0,0,NA
"Sierra Leone",2020-03-15,0,0,NA
"Sierra Leone",2020-03-16,0,0,NA
"Sierra Leone",2020-03-17,0,0,NA
"Sierra Leone",2020-03-18,0,0,NA
"Sierra Leone",2020-03-19,0,0,NA
"Sierra Leone",2020-03-20,0,0,NA
"Sierra Leone",2020-03-21,0,0,NA
"Sierra Leone",2020-03-22,0,0,NA
"Sierra Leone",2020-03-23,0,0,NA
"Sierra Leone",2020-03-24,0,0,NA
"Sierra Leone",2020-03-25,0,0,NA
"Sierra Leone",2020-03-26,0,0,NA
"Sierra Leone",2020-03-27,0,0,NA
"Sierra Leone",2020-03-28,0,0,NA
"Sierra Leone",2020-03-29,0,0,NA
"Sierra Leone",2020-03-30,0,0,NA
"Sierra Leone",2020-03-31,1,0,0
"Sierra Leone",2020-04-01,1,0,0
"Sierra Leone",2020-04-02,0,0,0
"Sierra Leone",2020-04-03,0,0,0
"Sierra Leone",2020-04-04,2,0,0
"Sierra Leone",2020-04-05,2,0,0
"Sierra Leone",2020-04-06,0,0,0
"Sierra Leone",2020-04-07,0,0,0
"Sierra Leone",2020-04-08,1,0,0
"Sierra Leone",2020-04-09,0,0,0
"Sierra Leone",2020-04-10,1,0,0
"Sierra Leone",2020-04-11,0,0,0
"Sierra Leone",2020-04-12,2,0,0
"Sierra Leone",2020-04-13,0,0,0
"Sierra Leone",2020-04-14,1,0,0
"Sierra Leone",2020-04-15,2,0,0
"Sierra Leone",2020-04-16,2,0,0
"Sierra Leone",2020-04-17,11,0,0
"Sierra Leone",2020-04-18,4,0,0
"Sierra Leone",2020-04-19,5,0,0
"Sierra Leone",2020-04-20,8,0,0
"Sierra Leone",2020-04-21,7,0,0
"Sierra Leone",2020-04-22,11,0,0
"Sierra Leone",2020-04-23,3,1,1.56
"Sierra Leone",2020-04-24,18,1,2.44
"Sierra Leone",2020-04-25,0,0,2.44
"Sierra Leone",2020-04-26,11,2,4.3
"Sierra Leone",2020-04-27,0,0,4.3
"Sierra Leone",2020-04-28,11,0,3.85
"Sierra Leone",2020-04-29,0,0,3.85
"Sierra Leone",2020-04-30,20,3,5.65
"Sierra Leone",2020-05-01,12,0,5.15
"Sierra Leone",2020-05-02,19,1,5.16
"Sierra Leone",2020-05-03,11,0,4.82
"Sierra Leone",2020-05-04,12,1,5.06
"Sierra Leone",2020-05-05,21,2,5.53
"Sierra Leone",2020-05-06,26,3,6.22
"Sierra Leone",2020-05-07,6,2,6.93
"Sierra Leone",2020-05-08,26,1,6.61
"Sierra Leone",2020-05-09,34,1,6.19
"Sierra Leone",2020-05-10,16,0,5.86
"Sierra Leone",2020-05-11,31,1,5.62
"Sierra Leone",2020-05-12,0,0,5.62
"Sierra Leone",2020-05-13,49,7,6.72
"Sierra Leone",2020-05-14,21,0,6.37
"Sierra Leone",2020-05-15,39,1,6.04
"Sierra Leone",2020-05-16,15,2,6.28
"Sierra Leone",2020-05-17,43,3,6.34
"Sierra Leone",2020-05-18,14,1,6.36
"Sierra Leone",2020-05-19,15,0,6.18
"Sierra Leone",2020-05-20,36,1,5.96
"Sierra Leone",2020-05-21,15,1,5.98
"Sierra Leone",2020-05-22,21,3,6.27
"Sierra Leone",2020-05-23,15,1,6.28
"Sierra Leone",2020-05-24,86,1,5.66
"Sierra Leone",2020-05-25,28,2,5.71
"Sierra Leone",2020-05-26,19,2,5.84
"Sierra Leone",2020-05-27,28,1,5.75
"Sierra Leone",2020-05-28,30,0,5.54
"Sierra Leone",2020-05-29,17,0,5.43
"Sierra Leone",2020-05-30,23,1,5.4
"Sierra Leone",2020-05-31,9,0,5.34
"Sierra Leone",2020-06-01,4,0,5.32
"Sierra Leone",2020-06-02,31,0,5.13
"Sierra Leone",2020-06-03,13,1,5.17
"Sierra Leone",2020-06-04,5,0,5.14
"Sierra Leone",2020-06-05,15,0,5.06
"Sierra Leone",2020-06-06,17,1,5.07
"Sierra Leone",2020-06-07,23,0,4.95
"Sierra Leone",2020-06-08,32,1,4.9
"Sierra Leone",2020-06-09,24,1,4.88
"Sierra Leone",2020-06-10,37,0,4.71
"Sierra Leone",2020-06-11,23,0,4.61
"Sierra Leone",2020-06-12,18,1,4.62
"Sierra Leone",2020-06-13,29,0,4.51
"Sierra Leone",2020-06-14,37,0,4.36
"Sierra Leone",2020-06-15,7,0,4.34
"Sierra Leone",2020-06-16,49,0,4.16
"Sierra Leone",2020-06-17,24,0,4.08
"Togo",2020-01-22,0,0,NA
"Togo",2020-01-23,0,0,NA
"Togo",2020-01-24,0,0,NA
"Togo",2020-01-25,0,0,NA
"Togo",2020-01-26,0,0,NA
"Togo",2020-01-27,0,0,NA
"Togo",2020-01-28,0,0,NA
"Togo",2020-01-29,0,0,NA
"Togo",2020-01-30,0,0,NA
"Togo",2020-01-31,0,0,NA
"Togo",2020-02-01,0,0,NA
"Togo",2020-02-02,0,0,NA
"Togo",2020-02-03,0,0,NA
"Togo",2020-02-04,0,0,NA
"Togo",2020-02-05,0,0,NA
"Togo",2020-02-06,0,0,NA
"Togo",2020-02-07,0,0,NA
"Togo",2020-02-08,0,0,NA
"Togo",2020-02-09,0,0,NA
"Togo",2020-02-10,0,0,NA
"Togo",2020-02-11,0,0,NA
"Togo",2020-02-12,0,0,NA
"Togo",2020-02-13,0,0,NA
"Togo",2020-02-14,0,0,NA
"Togo",2020-02-15,0,0,NA
"Togo",2020-02-16,0,0,NA
"Togo",2020-02-17,0,0,NA
"Togo",2020-02-18,0,0,NA
"Togo",2020-02-19,0,0,NA
"Togo",2020-02-20,0,0,NA
"Togo",2020-02-21,0,0,NA
"Togo",2020-02-22,0,0,NA
"Togo",2020-02-23,0,0,NA
"Togo",2020-02-24,0,0,NA
"Togo",2020-02-25,0,0,NA
"Togo",2020-02-26,0,0,NA
"Togo",2020-02-27,0,0,NA
"Togo",2020-02-28,0,0,NA
"Togo",2020-02-29,0,0,NA
"Togo",2020-03-01,0,0,NA
"Togo",2020-03-02,0,0,NA
"Togo",2020-03-03,0,0,NA
"Togo",2020-03-04,0,0,NA
"Togo",2020-03-05,0,0,NA
"Togo",2020-03-06,1,0,0
"Togo",2020-03-07,0,0,0
"Togo",2020-03-08,0,0,0
"Togo",2020-03-09,0,0,0
"Togo",2020-03-10,0,0,0
"Togo",2020-03-11,0,0,0
"Togo",2020-03-12,0,0,0
"Togo",2020-03-13,0,0,0
"Togo",2020-03-14,0,0,0
"Togo",2020-03-15,0,0,0
"Togo",2020-03-16,0,0,0
"Togo",2020-03-17,0,0,0
"Togo",2020-03-18,0,0,0
"Togo",2020-03-19,0,0,0
"Togo",2020-03-20,8,0,0
"Togo",2020-03-21,7,0,0
"Togo",2020-03-22,0,0,0
"Togo",2020-03-23,2,0,0
"Togo",2020-03-24,2,0,0
"Togo",2020-03-25,3,0,0
"Togo",2020-03-26,0,0,0
"Togo",2020-03-27,2,1,4
"Togo",2020-03-28,0,0,4
"Togo",2020-03-29,0,0,4
"Togo",2020-03-30,5,0,3.33
"Togo",2020-03-31,4,0,2.94
"Togo",2020-04-01,2,1,5.56
"Togo",2020-04-02,3,0,5.13
"Togo",2020-04-03,1,1,7.5
"Togo",2020-04-04,1,0,7.32
"Togo",2020-04-05,3,0,6.82
"Togo",2020-04-06,14,0,5.17
"Togo",2020-04-07,7,0,4.62
"Togo",2020-04-08,5,0,4.29
"Togo",2020-04-09,3,0,4.11
"Togo",2020-04-10,3,0,3.95
"Togo",2020-04-11,0,0,3.95
"Togo",2020-04-12,0,0,3.95
"Togo",2020-04-13,1,0,3.9
"Togo",2020-04-14,0,0,3.9
"Togo",2020-04-15,4,0,3.7
"Togo",2020-04-16,0,2,6.17
"Togo",2020-04-17,2,0,6.02
"Togo",2020-04-18,1,0,5.95
"Togo",2020-04-19,0,0,5.95
"Togo",2020-04-20,0,1,7.14
"Togo",2020-04-21,2,0,6.98
"Togo",2020-04-22,2,0,6.82
"Togo",2020-04-23,0,0,6.82
"Togo",2020-04-24,2,0,6.67
"Togo",2020-04-25,6,0,6.25
"Togo",2020-04-26,2,0,6.12
"Togo",2020-04-27,0,0,6.12
"Togo",2020-04-28,1,0,6.06
"Togo",2020-04-29,10,1,6.42
"Togo",2020-04-30,7,2,7.76
"Togo",2020-05-01,7,0,7.32
"Togo",2020-05-02,0,0,7.32
"Togo",2020-05-03,1,0,7.26
"Togo",2020-05-04,2,0,7.14
"Togo",2020-05-05,2,0,7.03
"Togo",2020-05-06,0,0,7.03
"Togo",2020-05-07,7,0,6.67
"Togo",2020-05-08,10,1,6.9
"Togo",2020-05-09,8,0,6.54
"Togo",2020-05-10,21,1,6.32
"Togo",2020-05-11,7,0,6.08
"Togo",2020-05-12,18,0,5.53
"Togo",2020-05-13,20,0,5.02
"Togo",2020-05-14,19,0,4.62
"Togo",2020-05-15,25,0,4.18
"Togo",2020-05-16,35,0,3.69
"Togo",2020-05-17,3,0,3.65
"Togo",2020-05-18,29,1,3.64
"Togo",2020-05-19,8,0,3.55
"Togo",2020-05-20,2,0,3.53
"Togo",2020-05-21,14,0,3.39
"Togo",2020-05-22,9,0,3.31
"Togo",2020-05-23,10,0,3.22
"Togo",2020-05-24,8,0,3.15
"Togo",2020-05-25,5,1,3.37
"Togo",2020-05-26,5,0,3.32
"Togo",2020-05-27,4,0,3.29
"Togo",2020-05-28,27,0,3.08
"Togo",2020-05-29,6,0,3.04
"Togo",2020-05-30,5,0,3
"Togo",2020-05-31,9,0,2.94
"Togo",2020-06-01,1,0,2.93
"Togo",2020-06-02,2,0,2.92
"Togo",2020-06-03,7,0,2.88
"Togo",2020-06-04,13,0,2.8
"Togo",2020-06-05,20,0,2.68
"Togo",2020-06-06,2,0,2.67
"Togo",2020-06-07,8,0,2.63
"Togo",2020-06-08,2,0,2.62
"Togo",2020-06-09,4,0,2.59
"Togo",2020-06-10,21,0,2.49
"Togo",2020-06-11,2,0,2.48
"Togo",2020-06-12,1,0,2.48
"Togo",2020-06-13,5,0,2.45
"Togo",2020-06-14,0,0,2.45
"Togo",2020-06-15,1,0,2.45
"Togo",2020-06-16,6,0,2.42
"Togo",2020-06-17,7,0,2.39
